,Brand,Name of the product,Price,Return/Exchange,Expected Delivery,Availability,Product URL
0,Kadence,"Kadence A281 Professional Acoustic Rosewood guitar (Natural, Beige)","6,499",7 days Replacement,"Friday, 11 August",In stock,https://www.amazon.in/sspa/click?ie=UTF8&spc=MTo4ODE5OTMwNTc5NzQxODc5OjE2OTEyODcyNTY6c3BfYXRmOjMwMDAyMjkzODAyNjEzMjo6MDo6&url=%2FKadence-Professional-Acoustic-Rosewood-Natural%2Fdp%2FB0CC927DLN%2Fref%3Dsr_1_1_sspa%3Fkeywords%3Dguitar%26qid%3D1691287256%26sr%3D8-1-spons%26sp_csd%3Dd2lkZ2V0TmFtZT1zcF9hdGY%26psc%3D1
1,Kadence,"Kadence rosewood Guitar Frontier Series, Electric Acoustic Black Guitar With EQ, Die Cast Keys, Set Of Strings, Strap, Picks And Bag (Black EQ, Electric Acoustic)","4,999",7 days Replacement,"Friday, 11 August",In stock,https://www.amazon.in/sspa/click?ie=UTF8&spc=MTo4ODE5OTMwNTc5NzQxODc5OjE2OTEyODcyNTY6c3BfYXRmOjMwMDAxNTUzNzk3OTIzMjo6MDo6&url=%2FKadence-Frontier-Acoustic-Guitar-Strings%2Fdp%2FB078GTJP5Y%2Fref%3Dsr_1_2_sspa%3Fkeywords%3Dguitar%26qid%3D1691287256%26sr%3D8-2-spons%26sp_csd%3Dd2lkZ2V0TmFtZT1zcF9hdGY%26psc%3D1
2,Intern,Intern INT-38C Acoustic Guitar Kit (Red),"2,099",7 days Replacement,"Wednesday, 9 August",In stock,https://www.amazon.in/sspa/click?ie=UTF8&spc=MTo4ODE5OTMwNTc5NzQxODc5OjE2OTEyODcyNTY6c3BfYXRmOjMwMDAxNTQ5MzI0NjMzMjo6MDo6&url=%2FIntern-INT-38C-Acoustic-Guitar-Kit%2Fdp%2FB073B6TF31%2Fref%3Dsr_1_3_sspa%3Fkeywords%3Dguitar%26qid%3D1691287256%26sr%3D8-3-spons%26sp_csd%3Dd2lkZ2V0TmFtZT1zcF9hdGY%26psc%3D1
3,Intern,"Intern INT-38C-NT-G 38 Incheses lindenwood Right HAnded Acoustic Guitar Kit With Bag, Strings, Pick And Strap (Natural, 6-Strings)","2,239",7 days Replacement,"Wednesday, 9 August",In stock,https://www.amazon.in/sspa/click?ie=UTF8&spc=MTo4ODE5OTMwNTc5NzQxODc5OjE2OTEyODcyNTY6c3BfYXRmOjMwMDAxNTQ5MzI0NjUzMjo6MDo6&url=%2FIntern-INT-38C-NT-G-Guitar-Kit-Natural%2Fdp%2FB07K9MZZH9%2Fref%3Dsr_1_4_sspa%3Fkeywords%3Dguitar%26qid%3D1691287256%26sr%3D8-4-spons%26sp_csd%3Dd2lkZ2V0TmFtZT1zcF9hdGY%26psc%3D1
4,JUAREZ,"Juârez Acoustic Guitar, 38 Inch Cutaway, 038C with Bag, Strings, Pick and Strap, Black","1,799",7 days Replacement,"Wednesday, 9 August",In stock,https://www.amazon.in/Juarez-Acoustic-Cutaway-038C-Strings/dp/B017NPCSLI/ref=sr_1_5?keywords=guitar&qid=1691287256&sr=8-5
5,YAMAHA,"Yamaha F280 Acoustic Rosewood Guitar (Natural, Beige)","7,099",7 days Replacement,"Wednesday, 9 August",In stock,https://www.amazon.in/Yamaha-F280-Acoustic-Guitar-Natural/dp/B08317Y4VP/ref=sr_1_6?keywords=guitar&qid=1691287256&sr=8-6
6,Intern,"Intern INT-38C Right hand Acoustic Guitar Kit, With Bag, Strings, Pick And Strap, Black, small","1,849",7 days Replacement,"Wednesday, 9 August",In stock,https://www.amazon.in/Intern-INT-38C-Acoustic-Guitar-Black/dp/B073B6TQQY/ref=sr_1_7?keywords=guitar&qid=1691287256&sr=8-7
7,JUAREZ,"Juarez Acoustic Guitar, 38 Inch Cutaway with Pick Guard, 38CPG with Bag, Strings, Pick and Strap, Black","2,649",7 days Replacement,"Thursday, 10 August",Only 1 left in stock,https://www.amazon.in/Juarez-Acoustic-Guitar-Cutaway-Strings/dp/B075XMRKMY/ref=sr_1_8?keywords=guitar&qid=1691287256&sr=8-8
8,JUAREZ,"Juarez Lindenwood Acoustic Guitar, 38 Inches Curved Body Cutaway, 38CUR With Bag, Strings, Pick And Strap (Black)","2,399",7 days Replacement,"Thursday, 10 August",In stock,https://www.amazon.in/Juarez-Acoustic-Guitar-Cutaway-Strings/dp/B076QHZ4HZ/ref=sr_1_9?keywords=guitar&qid=1691287256&sr=8-9
9,JUAREZ,"Juarez Lindenwood Acoustic Guitar Kit, 38 Inches Cutaway, 38C With Bag, Strings, Pick And Strap, 3TS Sunburst","1,849",7 days Replacement,"Wednesday, 9 August",In stock,https://www.amazon.in/JUAREZ-JRZ38C-Acoustic-Sunburst-Strings/dp/B01FYYTDTU/ref=sr_1_10?keywords=guitar&qid=1691287256&sr=8-10
10,Intern,"Intern INT-38C Lindenwood Acoustic Guitar Kit (Sunburst) With Carry Bag, Picks, Strings Set And Guitar Strap (Small)","2,099",7 days Replacement,"Tuesday, 8 August",In stock,https://www.amazon.in/Intern-INT-38C-Acoustic-Guitar-Sunburst/dp/B073B5MJRM/ref=sr_1_11?keywords=guitar&qid=1691287256&sr=8-11
11,Fender,Fender Acoustic Guitar Dreadnought CD60 V3 Black 970110506,"12,500",7 days Replacement,"Thursday, 10 August",Only 1 left in stock,https://www.amazon.in/Fender-Dread-String-Acoustic-Guitar/dp/B07RM4B5LJ/ref=sr_1_12?keywords=guitar&qid=1691287256&sr=8-12
12,Kadence,"Kadence Frontier guitar with Online Guitar learning course , Wine Red Acoustic Guitar with Die Cast Keys, Set of Strings, Strap, Picks and Bag (Wine Red, Acoustic)","4,979",7 days Replacement,"Thursday, 10 August",In stock,https://www.amazon.in/Kadence-Frontier-Acoustic-Guitar-Strings/dp/B01GDZ46AA/ref=sr_1_13?keywords=guitar&qid=1691287256&sr=8-13
13,Kadence,"Kadence rosewood Guitar Frontier Series, Electric Acoustic Black Guitar With EQ, Die Cast Keys, Set Of Strings, Strap, Picks And Bag (Black EQ, Electric Acoustic)","4,999",7 days Replacement,"Friday, 11 August",In stock,https://www.amazon.in/Kadence-Frontier-Acoustic-Guitar-Strings/dp/B078GTJP5Y/ref=sr_1_14?keywords=guitar&qid=1691287256&sr=8-14
14,JUAREZ,"Juarez Acoustic Guitar, 38 Inch Cutaway, 38CMB with Bag, Strings, Pick and Strap, Matte Black","1,539",7 days Replacement,"Thursday, 10 August",In stock,https://www.amazon.in/Juarez-Acoustic-Guitar-Cutaway-Strings/dp/B084VRCCN7/ref=sr_1_15?keywords=guitar&qid=1691287256&sr=8-15
15,YAMAHA,"Yamaha FS100C Acoustic Guitar, Black","9,490",7 days Replacement,"Saturday, 12 August",In stock,https://www.amazon.in/Yamaha-FS-100C-6-String-Acoustic-without/dp/B00PAS9CK6/ref=sr_1_16?keywords=guitar&qid=1691287256&sr=8-16
16,Intern,Intern INT-38C Acoustic Guitar Kit (Red),"2,099",7 days Replacement,"Wednesday, 9 August",In stock,https://www.amazon.in/Intern-INT-38C-Acoustic-Guitar-Kit/dp/B073B6TF31/ref=sr_1_17?keywords=guitar&qid=1691287256&sr=8-17
17,Intern,Intern 38C Ebony Wood Cutaway Design Acoustic Guitar with Picks And Carry Bag (Black),"2,019",7 days Replacement,"Tuesday, 8 August",In stock,https://www.amazon.in/Intern-38-inch-Cutaway-Design-Acoustic/dp/B07X4PN85R/ref=sr_1_18?keywords=guitar&qid=1691287256&sr=8-18
18,JUAREZ,"Juarez Lindenwood Acoustic Guitar Kit, 38 Inches Cutaway, 38C With Bag, Strings, Pick And Strap, TBS Transparent (Blue Sunburst)","1,849",7 days Replacement,"Wednesday, 9 August",In stock,https://www.amazon.in/JUAREZ-JRZ38C-Acoustic-Sunburst-Strings/dp/B01FYYTDS6/ref=sr_1_19?keywords=guitar&qid=1691287256&sr=8-19
19,VAULT,"Vault EA20 Guitar Kit with Learn to Play Ebook, Bag, Strings, Straps, Picks, String winder & Polishing Cloth - 40 inch Cutaway Acoustic Guitar Black","4,609",7 days Replacement,"Tuesday, 8 August",In stock,https://www.amazon.in/Guitar-Strings-Straps-String-Polishing/dp/B097N7NGHD/ref=sr_1_20?keywords=guitar&qid=1691287256&sr=8-20
20,Medellin,"Medellin Acoustic Guitar (with guitar learning course) Neon Pink (Combo, Strings,Bag,Picks and guitar course)","2,499",7 days Replacement,"Friday, 11 August",In stock,https://www.amazon.in/sspa/click?ie=UTF8&spc=MTo4ODE5OTMwNTc5NzQxODc5OjE2OTEyODcyNTY6c3BfbXRmOjMwMDAyNzY2OTgxOTkzMjo6MDo6&url=%2FMedellin-Acoustic-Guitar-learning-Strings%2Fdp%2FB0CCNSN9BV%2Fref%3Dsr_1_21_sspa%3Fkeywords%3Dguitar%26qid%3D1691287256%26sr%3D8-21-spons%26sp_csd%3Dd2lkZ2V0TmFtZT1zcF9tdGY%26psc%3D1
21,Kadence,"Kadence Frontier guitar with Online Guitar learning course , Wine Red Acoustic Guitar with Die Cast Keys, Set of Strings, Strap, Picks and Bag (Wine Red, Acoustic)","4,979",7 days Replacement,"Thursday, 10 August",In stock,https://www.amazon.in/sspa/click?ie=UTF8&spc=MTo4ODE5OTMwNTc5NzQxODc5OjE2OTEyODcyNTY6c3BfbXRmOjIwMDk2NjA4NzUwNDk4OjowOjo&url=%2FKadence-Frontier-Acoustic-Guitar-Strings%2Fdp%2FB01GDZ46AA%2Fref%3Dsr_1_22_sspa%3Fkeywords%3Dguitar%26qid%3D1691287256%26sr%3D8-22-spons%26sp_csd%3Dd2lkZ2V0TmFtZT1zcF9tdGY%26psc%3D1
22,Medellin,"Medellin Acoustic Guitar (with guitar learning course) Neon Orange (Combo, Strings,Bag,Picks and guitar course)","2,499",7 days Replacement,"Friday, 11 August",In stock,https://www.amazon.in/sspa/click?ie=UTF8&spc=MTo4ODE5OTMwNTc5NzQxODc5OjE2OTEyODcyNTY6c3BfbXRmOjMwMDAyNzY2OTgxOTgzMjo6MDo6&url=%2FMedellin-Acoustic-Guitar-learning-Strings%2Fdp%2FB0CCNSN6S4%2Fref%3Dsr_1_23_sspa%3Fkeywords%3Dguitar%26qid%3D1691287256%26sr%3D8-23-spons%26sp_csd%3Dd2lkZ2V0TmFtZT1zcF9tdGY%26psc%3D1
23,Kadence,"Kadence Slowhand Premium Jumbo Semi Acoustic Guitar with Heavy Padded Bag, guitar cable, Pro Capo (Black Spruce Wood)","11,999",7 days Replacement,"Thursday, 10 August",In stock,https://www.amazon.in/sspa/click?ie=UTF8&spc=MTo4ODE5OTMwNTc5NzQxODc5OjE2OTEyODcyNTY6c3BfbXRmOjIwMDU3MTkzMDU2MjA0OjowOjo&url=%2FKadence-Slowhand-Premium-Acoustic-Instrument%2Fdp%2FB077SZ667X%2Fref%3Dsr_1_24_sspa%3Fkeywords%3Dguitar%26qid%3D1691287256%26sr%3D8-24-spons%26sp_csd%3Dd2lkZ2V0TmFtZT1zcF9tdGY%26psc%3D1
24,YAMAHA,"Yamaha F370 Acoustic Guitar, Natural","13,119",7 days Replacement,"Saturday, 12 August",In stock,https://www.amazon.in/Yamaha-F370-Acoustic-Guitar-Natural/dp/B000WITPJM/ref=sr_1_25?keywords=guitar&qid=1691287256&sr=8-25
25,Intern,Intern INT-38C Acoustic Guitar Kit (Blue),"2,229",7 days Replacement,"Wednesday, 9 August",In stock,https://www.amazon.in/Intern-INT-38C-Acoustic-Guitar-Blue/dp/B073B5RZBV/ref=sr_1_26?keywords=guitar&qid=1691287256&sr=8-26
26,Intern,Intern Int-38c Sunburst Linden Wood Acoustic Guitar Kit with Carry Bag and Picks,"2,099",7 days Replacement,"Tuesday, 8 August",In stock,https://www.amazon.in/Intern-INT-38C-Sunburst-Acoustic-Guitar/dp/B07X1J4D3Z/ref=sr_1_27?keywords=guitar&qid=1691287256&sr=8-27
27,Kadence,"Kadence Frontier 34inch guitar for Kids, Travel Guitar for Adult Acoustic Guitar with Die Cast Keys, Set of Strings, Strap, Picks and Bag (Black Guitar)","2,999",7 days Replacement,"Friday, 11 August",In stock,https://www.amazon.in/Kadence-Professional-Guitar-Years-Strings/dp/B07YZK5B2Z/ref=sr_1_28?keywords=guitar&qid=1691287256&sr=8-28
28,Ibanez,"Ibanez MD39C-NT Rose Wood Acoustic Guitar (Natural), Designed in Japan and Made Specially for India","7,249",7 days Replacement,"Thursday, 10 August",In stock,https://www.amazon.in/Ibanez-IBA-MD39CNT-Acoustic-Guitar-MD39C-NT/dp/B07G4CCMYL/ref=sr_1_29?keywords=guitar&qid=1691287256&sr=8-29
29,JUAREZ,"Juarez JRZ-ST01 38 Inches Wood 6-String Electric Guitar, Right Handed, Full Black, With Case/Bag And Picks (Black)","5,910",7 days Replacement,"Wednesday, 9 August",In stock,https://www.amazon.in/Juarez-JRZ-ST01-6-String-Electric-Without/dp/B01FYZSOGM/ref=sr_1_30?keywords=guitar&qid=1691287256&sr=8-30
30,VAULT,Vault EA40TBK 41 inch Premium Solid Spruce-Top Cutaway Acoustic Guitar (Black),"6,999",7 days Replacement,"Tuesday, 8 August",In stock,https://www.amazon.in/EA40TBK-Premium-Spruce-Top-Cutaway-Acoustic/dp/B0BW3QYHV1/ref=sr_1_31?keywords=guitar&qid=1691287256&sr=8-31
31,Intern,Intern Int-38c Linden Wood Acoustic Guitar Kit with Carry Bag and Picks (Brown),"2,089",7 days Replacement,"Tuesday, 8 August",In stock,https://www.amazon.in/Intern-INT-38C-Brown-Acoustic-Guitar/dp/B07X2HV158/ref=sr_1_32?keywords=guitar&qid=1691287256&sr=8-32
32,Intern,"Intern INT-38C-BK-G Cutaway Right Handed Acoustic Guitar Kit, with Bag, Nickel Strings, Pick And Strap (Black) -6 Strings","1,919",7 days Replacement,"Wednesday, 9 August",In stock,https://www.amazon.in/Intern-INT-38C-BK-G-Guitar-Kit-Black/dp/B07K9497RC/ref=sr_1_33?keywords=guitar&qid=1691287256&sr=8-33
33,YAMAHA,YAMAHA FS80C NATURAL CONCERT CUTAWAY GUITAR,"8,490",7 days Replacement,"Saturday, 12 August",In stock,https://www.amazon.in/YAMAHA-NATURAL-CONCERT-CUTAWAY-GUITAR/dp/B08KW4DRKL/ref=sr_1_34?keywords=guitar&qid=1691287256&sr=8-34
34,Henrix,"Henrix 38C 38 Inch Cutaway Acoustic Guitar With Dual Action Truss Rod, Gigbag, Picks, String Set, String Winder, Strap, Polishing Cloth & Ebook - Black","2,939",7 days Replacement,"Tuesday, 8 August",In stock,https://www.amazon.in/Henrix-Acoustic-Guitar-Die-cast-Dual-action/dp/B07VNDW6QF/ref=sr_1_35?keywords=guitar&qid=1691287256&sr=8-35
35,Medellin,"Medellin 38"" Acoustic Guitar premium wood, free online learning course, Set Of Strings, Strap, Bag and 3 Picks Blue","1,999",7 days Replacement,"Thursday, 10 August",In stock,https://www.amazon.in/Medellin-MED-BLU-C-Linden-Acoustic-Guitar/dp/B07NBMWHJW/ref=sr_1_36?keywords=guitar&qid=1691287256&sr=8-36
36,Kadence,"Kadence Slowhand Premium Jumbo Semi Acoustic Guitar with Heavy Padded Bag, guitar cable, Pro Capo (Black Spruce Wood)","11,999",7 days Replacement,"Thursday, 10 August",In stock,https://www.amazon.in/Kadence-Slowhand-Premium-Acoustic-Instrument/dp/B077SZ667X/ref=sr_1_37?keywords=guitar&qid=1691287256&sr=8-37
37,Intern,"INTERN Cutaway Design Acoustic Guitar Pack -Humidity Proof, Bend resistance, Durable Action, Natural tone & bright resonance. Black Carbon Fibre/Fiber Guitar with Bag, Strap, Strings set & Plectrums.","2,699",7 days Replacement,"Wednesday, 9 August",In stock,https://www.amazon.in/Acoustic-Humidity-resistance-resonance-Plectrums/dp/B09RQZ6HM2/ref=sr_1_38?keywords=guitar&qid=1691287256&sr=8-38
38,REVEL,Revel 38 Inches Lindenwood Cutaway Design Acoustic Guitar With Carry Bag And Plectrums. (sunburst),"1,792",7 days Replacement,"Thursday, 10 August",In stock,https://www.amazon.in/Revel-RVL-38C-LGP-3TS-Linden-Acoustic-Sunburst/dp/B085HV4YW7/ref=sr_1_39?keywords=guitar&qid=1691287256&sr=8-39
39,Medellin,"Medellin Acoustic Guitar (with guitar learning course) Neon Pink (Combo, Strings,Bag,Picks and guitar course)","2,499",7 days Replacement,"Friday, 11 August",In stock,https://www.amazon.in/Medellin-Acoustic-Guitar-learning-Strings/dp/B0CCNSN9BV/ref=sr_1_40?keywords=guitar&qid=1691287256&sr=8-40
40,Intern,Intern INT-38C Natural Linden Wood Acoustic Guitar Kit with Carry Bag & Picks,"2,039",7 days Replacement,"Tuesday, 8 August",In stock,https://www.amazon.in/Intern-INT-38C-Natural-Acoustic-Guitar/dp/B07X4LPJ6H/ref=sr_1_41?keywords=guitar&qid=1691287256&sr=8-41
41,Medellin,"Medellin M38 carbon fiber body 38 Incheses Acoustic Guitar (Black) Durable Matt finish With hAndrest, strings, strap, bag, 3 Picks, capo, stAnd","2,349",7 days Replacement,11 - 14 August,,https://www.amazon.in/Medellin-Acoustic-Guitar-Carbon-Learning/dp/B09MSGQQWX/ref=sr_1_42?keywords=guitar&qid=1691287256&sr=8-42
42,Kadence,"Kadence Frontier Semi Acoustic Jumbo Guitar 41"" with Learning Course, Die cast keys with Super Combo (Bag,strap,strings,capo And 3 picks) (Black, Electric Acoustic)","6,899",7 days Replacement,"Friday, 11 August",In stock,https://www.amazon.in/Kadence-Frontier-Acoustic-Guitar-Equalizer/dp/B01HRIHJWY/ref=sr_1_43?keywords=guitar&qid=1691287256&sr=8-43
43,Medellin,"Medellin 38"" Acoustic Guitar premium wood with adjustable Truss-rod, free online learning course, Set Of Strings, Strap, Bag and 3 Picks (Blue)","2,299",7 days Replacement,"Thursday, 10 August",In stock,https://www.amazon.in/Medellin-Acoustic-adjustable-Truss-rod-learning/dp/B0BML6H5HT/ref=sr_1_44?keywords=guitar&qid=1691287256&sr=8-44
44,YAMAHA,"Yamaha FS100C Acoustic Guitar, Natural","10,459",7 days Replacement,"Thursday, 10 August",In stock,https://www.amazon.in/Yamaha-FS100C-Acoustic-Guitar-Natural/dp/B08Z3DVN8N/ref=sr_1_45?keywords=guitar&qid=1691287256&sr=8-45
45,Enya,"Enya Nova Go Carbon Fiber Acoustic Guitar 1/2 Size Beginner Adult Travel Acustica Guitarra w/Starter Bundle Kit of Colorful Packaging, Acoustic Guitar Strap, Gig Bag, Cleaning Cloth, String(White)","14,850",7 days Replacement,"Thursday, 10 August",In stock,https://www.amazon.in/Acoustic-Beginner-Acustica-Guitarra-Packaging/dp/B09JNTBFMC/ref=sr_1_46?keywords=guitar&qid=1691287256&sr=8-46
46,Intern,"INTERN 41 inches Cutaway Shape Acoustic Guitar with truss rod. Includes plectrums. Premium Wooden durable built, Best tonal s","2,869",7 days Replacement,"Tuesday, 8 August",In stock,https://www.amazon.in/Acoustic-plectrums-stability-resistance-Electric/dp/B09YH937P2/ref=sr_1_47?keywords=guitar&qid=1691287256&sr=8-47
47,YAMAHA,"Yamaha F280 Acoustic Guitar, Tobacco Brown Sunburst","7,989",7 days Replacement,"Sunday, 13 August",In stock,https://www.amazon.in/Yamaha-Acoustic-Guitar-Tobacco-Sunburst/dp/B08VXR74Q2/ref=sr_1_48?keywords=guitar&qid=1691287256&sr=8-48
48,Intern,"INTERN 40 inches Acoustic Guitar with Pick-up & truss rod, carry bag, strings pack, strap & picks. Premium Wooden durable built, Best tonal stability with professional sound amplificaiton. (Sunburst).","5,962",7 days Replacement,"Wednesday, 9 August",In stock,https://www.amazon.in/Acoustic-stability-professional-amplificaiton-Sunburst/dp/B09YH8TVW7/ref=sr_1_49?keywords=guitar&qid=1691287256&sr=8-49
49,Medellin,"Medellin 38"" Acoustic Guitar Purple Burst Carbon Fiber body+(Free Online Learning Course) - Durable Matt finish with handrest, strings, strap, bag, 3 Picks, capo, stand.","2,799",7 days Replacement,"Friday, 11 August",Only 2 left in stock,https://www.amazon.in/Medellin-Acoustic-Guitar-Purple-Learning/dp/B09MSGPQ43/ref=sr_1_50?keywords=guitar&qid=1691287256&sr=8-50
50,JUAREZ,"Juârez JRZ38C/WH 6 Strings Acoustic Guitar 38 Inch Cutaway, Right Handed, White with Bag, Strings, Picks and Strap","2,489",7 days Replacement,"Wednesday, 9 August",In stock,https://www.amazon.in/Ju%C3%A2rez-JRZ38C-WH-Strings-Acoustic/dp/B072MFK4L6/ref=sr_1_51?keywords=guitar&qid=1691287256&sr=8-51
51,YAMAHA,YAMAHA FX280 Natural Electro Acoustic Guitar,"10,769",7 days Replacement,"Saturday, 12 August",In stock,https://www.amazon.in/Yamaha-FX280-acoustic-Dreadnought-Natural/dp/B09HR6BNFQ/ref=sr_1_52?keywords=guitar&qid=1691287256&sr=8-52
52,YAMAHA,"Yamaha F280 Acoustic Guitar, Natural With Bajaao Gig Bag","8,549",7 days Replacement,"Tuesday, 8 August",In stock,https://www.amazon.in/Yamaha-Acoustic-Guitar-Natural-Bajaao/dp/B08RMP2F6Z/ref=sr_1_53?keywords=guitar&qid=1691287256&sr=8-53
53,Intern,"Intern INT-38C 38 Incheses basswood-BLS-G Cutaway Right HAnded Acoustic Guitar Kit, With Bag, Strings, Pick And Strap (Blue, 6 Strings)","1,969",7 days Replacement,"Tuesday, 8 August",In stock,https://www.amazon.in/Intern-INT-38C-BLS-G-Guitar-Kit-Blue/dp/B07K8YXTNW/ref=sr_1_54?keywords=guitar&qid=1691287256&sr=8-54
54,Kadence,"Kadence Guitar Acoustica Series, Electric Acoustic Guitar, Ash Wood with Pickup and Inbuilt tuner (Ash Wood, Electro Acoustic) with bag.","6,999",7 days Replacement,"Friday, 11 August",In stock,https://www.amazon.in/Kadence-Acoustica-Ash-Wood-Equlizer/dp/B0757H5P13/ref=sr_1_55?keywords=guitar&qid=1691287256&sr=8-55
55,JUAREZ,"JUAREZ JRZ38C 38 Inches Lindenwood Right Handed Acoustic Guitar With Bag, Strings, Pick And Strap (Natural, Brown, 6 Strings)","2,379",7 days Replacement,"Wednesday, 9 August",In stock,https://www.amazon.in/JUAREZ-JRZ38C-Acoustic-Natural-Strings/dp/B01FYYTDWC/ref=sr_1_56?keywords=guitar&qid=1691287256&sr=8-56
56,VAULT,"Vault DA20 Dreadnought Acoustic Guitar With Gig-Bag, Picks, Strings Set, String Winder, Strap, Polishing Cloth And Allen Key","4,801",7 days Replacement,"Tuesday, 8 August",In stock,https://www.amazon.in/sspa/click?ie=UTF8&spc=MTo4ODE5OTMwNTc5NzQxODc5OjE2OTEyODcyNTY6c3BfYnRmOjIwMDkyNjI0MDIxNTk4OjowOjo&url=%2FDreadnought-Acoustic-Gig-Bag-Strings-Polishing%2Fdp%2FB0BJJRJVHY%2Fref%3Dsr_1_57_sspa%3Fkeywords%3Dguitar%26qid%3D1691287256%26sr%3D8-57-spons%26sp_csd%3Dd2lkZ2V0TmFtZT1zcF9idGY%26psc%3D1
57,Medellin,"Medellin Acoustic Guitar + (Free online learning Course) Neon Green with Strings,Bag,Picks and guitar strap.","2,499",7 days Replacement,"Friday, 11 August",In stock,https://www.amazon.in/sspa/click?ie=UTF8&spc=MTo4ODE5OTMwNTc5NzQxODc5OjE2OTEyODcyNTY6c3BfYnRmOjMwMDAyNzY2OTgyMDAzMjo6MDo6&url=%2FMedellin-Acoustic-Guitar-learning-Strings%2Fdp%2FB0CCNS2NDX%2Fref%3Dsr_1_58_sspa%3Fkeywords%3Dguitar%26qid%3D1691287256%26sr%3D8-58-spons%26sp_csd%3Dd2lkZ2V0TmFtZT1zcF9idGY%26psc%3D1
58,Musicalworks.in,"Musical Works Guitar, Acoustic Guitar, 40 Inch Cutaway, 038G with Bag, Strings, Pick and Strap, blue mat Colour Acoustic Guitar Cutaway 40 inch Full-size Beginner Guitar Package with Die Cast Keys, Set of Strings, Strap, Picks and Bag (blue maat, Acoustic) with Gig Bag, Tuner, Picks and Strap (Natural Bundle),","4,993",7 days Returnable,"Saturday, 12 August",In stock,https://www.amazon.in/sspa/click?ie=UTF8&spc=MTo4ODE5OTMwNTc5NzQxODc5OjE2OTEyODcyNTY6c3BfYnRmOjMwMDAyODA5NDIzMTkzMjo6MDo6&url=%2FMusical-Guitar-Cutaway-038G-Strings%2Fdp%2FB09G1BL9PD%2Fref%3Dsr_1_59_sspa%3Fkeywords%3Dguitar%26qid%3D1691287256%26sr%3D8-59-spons%26sp_csd%3Dd2lkZ2V0TmFtZT1zcF9idGY%26psc%3D1
59,MUSTANG,Tagima Junior 30 Inch Acoustic Guitar for Kids RED,"1,290",7 days Replacement,"Saturday, 12 August",In stock,https://www.amazon.in/sspa/click?ie=UTF8&spc=MTo4ODE5OTMwNTc5NzQxODc5OjE2OTEyODcyNTY6c3BfYnRmOjIwMTE1MDQ4ODExOTk4OjowOjo&url=%2FTagima-Junior-Inch-Acoustic-Guitar%2Fdp%2FB0BTBWJTGH%2Fref%3Dsr_1_60_sspa%3Fkeywords%3Dguitar%26qid%3D1691287256%26sr%3D8-60-spons%26sp_csd%3Dd2lkZ2V0TmFtZT1zcF9idGY%26psc%3D1
60,HOVNER,"Hovner Carlton Special Quality Rosewood Fretboard Blue Semi Acoustic Guitar With Bag,Strap,1 Set of Extra Strings and 2 Picks By K-Retail (Blue)","4,635",7 days Replacement,"Thursday, 17 August",In stock,https://www.amazon.in/sspa/click?ie=UTF8&spc=MTo4MjI1MTkyODU2NTcxNzcyOjE2OTEyODczMTM6c3BfYXRmX25leHQ6MzAwMDAyNTAyMDgxNDMyOjowOjo&url=%2FCarlton-Rosewood-Fretboard-Acoustic-K-Retail%2Fdp%2FB07KK8P9VB%2Fref%3Dsr_1_49_sspa%3Fkeywords%3Dguitar%26qid%3D1691287313%26sr%3D8-49-spons%26sp_csd%3Dd2lkZ2V0TmFtZT1zcF9hdGZfbmV4dA%26psc%3D1
61,Blueberry,"Blueberry, VIP-340, 34Inch Acoustic Guitar Kit With Bag, Belt, String Set and 2 Picks (Black)","2,999",7 days Replacement,"Saturday, 12 August",In stock,https://www.amazon.in/sspa/click?ie=UTF8&spc=MTo4MjI1MTkyODU2NTcxNzcyOjE2OTEyODczMTM6c3BfYXRmX25leHQ6MjAxMjc5OTAwMjk3OTg6OjA6Og&url=%2FBlueberry-VIP-340-34Inch-Acoustic-Guitar%2Fdp%2FB0BVR4M8MC%2Fref%3Dsr_1_50_sspa%3Fkeywords%3Dguitar%26qid%3D1691287313%26sr%3D8-50-spons%26sp_csd%3Dd2lkZ2V0TmFtZT1zcF9hdGZfbmV4dA%26psc%3D1
62,Intern,"INTERN 40 inches Acoustic Guitar with Pick-up & truss rod, carry bag, strings pack, strap & picks. Premium Wooden durable built, Best tonal stability with professional sound amplificaiton. (Blue).…","4,349",7 days Replacement,"Wednesday, 9 August",In stock,https://www.amazon.in/sspa/click?ie=UTF8&spc=MTo4MjI1MTkyODU2NTcxNzcyOjE2OTEyODczMTM6c3BfYXRmX25leHQ6MzAwMDA5NDY5NzY3NzMyOjowOjo&url=%2FAcoustic-Pick-up-stability-professional-amplificaiton%2Fdp%2FB09YH89JZQ%2Fref%3Dsr_1_51_sspa%3Fkeywords%3Dguitar%26qid%3D1691287313%26sr%3D8-51-spons%26sp_csd%3Dd2lkZ2V0TmFtZT1zcF9hdGZfbmV4dA%26psc%3D1
63,Blueberry,"Blueberry B-D38 38 Incheses wood Acoustic Guitar Kit Inbuilt Truss Rod With Bag, Strap, One Pack Strings And Picks (Blue)","2,655",7 days Replacement,"Saturday, 12 August",In stock,https://www.amazon.in/sspa/click?ie=UTF8&spc=MTo4MjI1MTkyODU2NTcxNzcyOjE2OTEyODczMTM6c3BfYXRmX25leHQ6MjAwNzgzMzY4ODc0OTg6OjA6Og&url=%2FBlueberry-B-D38-Acoustic-Inbuilt-Strings%2Fdp%2FB07PHYZZP1%2Fref%3Dsr_1_52_sspa%3Fkeywords%3Dguitar%26qid%3D1691287313%26sr%3D8-52-spons%26sp_csd%3Dd2lkZ2V0TmFtZT1zcF9hdGZfbmV4dA%26psc%3D1
64,VAULT,"Vault Traveller 34 Inch Acoustic Guitar With Truss Rod, Gig-Bag, Strap, Strings, Polishing Cloth, String Winder, Picks & E-Book - Natural Gloss","4,029",7 days Replacement,"Tuesday, 8 August",In stock,https://www.amazon.in/Traveller-Acoustic-Guitar-Strings-Polishing/dp/B07RK9962M/ref=sr_1_53?keywords=guitar&qid=1691287313&sr=8-53
65,Tanglewood,"Tanglewood Crossroads TWCR OE Semi Acoustic Guitar, 6 Strings, Orchestra, Whiskey Barrel Burst Satin Finish","13,490",7 days Replacement,"Saturday, 12 August",In stock,https://www.amazon.in/Tanglewood-Crossroads-Acoustic-Strings-Orchestra/dp/B01IA2I0BK/ref=sr_1_54?keywords=guitar&qid=1691287313&sr=8-54
66,JUAREZ,"JUAREZ 38 Inches Lindenwood Acoustic Guitar With Dual Action Truss Rod, Bag, Picks, Allen Key, Extra String Set, TBLS Blue Sunburst","3,089",7 days Replacement,"Wednesday, 9 August",In stock,https://www.amazon.in/JUAREZ-Acoustic-Guitar-TBLS-Sunburst/dp/B08FV1B5VC/ref=sr_1_55?keywords=guitar&qid=1691287313&sr=8-55
67,Intern,Intern INT-38C Acoustic Guitar Kit (Natural),"2,249",7 days Replacement,"Tuesday, 8 August",In stock,https://www.amazon.in/Intern-INT-38C-Acoustic-Guitar-Natural/dp/B073B4D22T/ref=sr_1_56?keywords=guitar&qid=1691287313&sr=8-56
68,Henrix,"Henrix 38C 38 Inch Left Handed Cutaway Acoustic Guitar with Dual Action Truss Rod, Gigbag, Picks, String Set, Strap, Cloth & Ebook- Natural","2,939",7 days Replacement,"Tuesday, 8 August",In stock,https://www.amazon.in/Henrix-Handed-Cutway-Acoustic-Polishing/dp/B08R3DKYGM/ref=sr_1_57?keywords=guitar&qid=1691287313&sr=8-57
69,YAMAHA,"YAMAHA F310, 6-Strings Rose Wood Acoustic Guitar, Natural","9,290",7 days Replacement,"Saturday, 12 August",In stock,https://www.amazon.in/Yamaha-F310-6-Strings-Acoustic-Natural/dp/B000RVYW7E/ref=sr_1_58?keywords=guitar&qid=1691287313&sr=8-58
70,Kadence,Kadence Concert Sized Ukulele 24inch (Built in Equalizer) With Bag and Tuner (Saple Wood With Binding),"3,999",7 days Replacement,"Thursday, 10 August",In stock,https://www.amazon.in/Kadence-Concert-Ukulele-Equalizer-Binding/dp/B08PNSGQBL/ref=sr_1_59?keywords=guitar&qid=1691287313&sr=8-59
71,JUAREZ,"JUAREZ Fiésta 41 Inch Acoustic Guitar with Dual Action Truss Rod, 21 Frets Rosewood Fretboard & Bridge, Padded 5mm Cotton Bag, Cotton Strap, 2 Picks, Allen Key, Extra String Set, Natural","3,899",7 days Replacement,"Wednesday, 9 August",In stock,https://www.amazon.in/JUAREZ-Acoustic-Rosewood-Fretboard-Natural/dp/B08GZZX16R/ref=sr_1_60?keywords=guitar&qid=1691287313&sr=8-60
72,HOVNER,"Hovner 215 Black F-Cut Rosewood Fretboard Acoustic Guitar With Bag,Strap,1 Set of Extra Strings and 2 Picks By K-Retail","4,350",7 days Replacement,"Thursday, 17 August",In stock,https://www.amazon.in/Rosewood-Fretboard-Acoustic-Strings-K-Retail/dp/B07KLG8C4P/ref=sr_1_61?keywords=guitar&qid=1691287313&sr=8-61
73,Kadence,"Kadence Guitar Acoustica Series A05, Electric Acoustic Guitar, Zebra Wood with Pickup, Inbuilt tuner and Bag (Zebra Wood, Electro Acoustic)","7,399",7 days Replacement,"Friday, 11 August",In stock,https://www.amazon.in/Kadence-Acoustica-Acoustic-Guitar-Zebra/dp/B07KXNKLJ2/ref=sr_1_62?keywords=guitar&qid=1691287313&sr=8-62
74,Cort,Cort GA-MEDX Electro Acoustic Guitar With Bag.(OP),"14,999",7 days Replacement,"Thursday, 10 August",Only 1 left in stock,https://www.amazon.in/Cort-GA-MEDX-Electro-Acoustic-Guitar/dp/B09Y3FVX6Y/ref=sr_1_63?keywords=guitar&qid=1691287313&sr=8-63
75,Fender,Fender Acoustic Guitar Auditorium Cutaway Electronics FA345CE 3-Tone Tea Burst 971343064,-,Returns Policy,-,,https://www.amazon.in/Fender-FA-345CE-Auditorium-Bodied-Acoustic/dp/B07BCN55VP/ref=sr_1_64?keywords=guitar&qid=1691287313&sr=8-64
76,YAMAHA,Yamaha FSX80C Semi acoustic cutaway guitar (natural),"12,490",7 days Replacement,"Saturday, 12 August",In stock,https://www.amazon.in/Yamaha-FSX80C-Acoustic-Cutaway-Natural/dp/B09HL3GFZF/ref=sr_1_65?keywords=guitar&qid=1691287313&sr=8-65
77,MUSTANG,Tagima Junior 30 Inch Acoustic Guitar for Kids RED,"1,290",7 days Replacement,"Saturday, 12 August",In stock,https://www.amazon.in/Tagima-Junior-Inch-Acoustic-Guitar/dp/B0BTBWJTGH/ref=sr_1_66?keywords=guitar&qid=1691287313&sr=8-66
78,YAMAHA,Yamaha FS80C 25 Incheses sprucewood The Ultimate Concert Body Cutaway Acoustic Guitar (Black) With Bajaao Gig-Bag,"9,690",7 days Replacement,"Thursday, 10 August",Only 1 left in stock,https://www.amazon.in/Ultimate-Concert-Cutaway-Acoustic-Bajaao/dp/B08WHWKKV5/ref=sr_1_67?keywords=guitar&qid=1691287313&sr=8-67
79,Medellin,"Medellin Acoustic Guitar (with guitar learning course) Neon Orange (Combo, Strings,Bag,Picks and guitar course)","2,499",7 days Replacement,"Friday, 11 August",In stock,https://www.amazon.in/Medellin-Acoustic-Guitar-learning-Strings/dp/B0CCNSN6S4/ref=sr_1_68?keywords=guitar&qid=1691287313&sr=8-68
80,Blueberry,"Blueberry, VlP-405, 40Inch TrussRod Acoustic Guitar With Bag, Belt, String Set And 2 Picks (Classic Brown)","4,590",7 days Replacement,"Saturday, 12 August",In stock,https://www.amazon.in/sspa/click?ie=UTF8&spc=MTo4MjI1MTkyODU2NTcxNzcyOjE2OTEyODczMTM6c3BfbXRmOjIwMTI3OTkwMDI5MTk4OjowOjo&url=%2FBlueberry-VlP-405-TrussRod-Acoustic-Classic%2Fdp%2FB0BVZBL1VJ%2Fref%3Dsr_1_69_sspa%3Fkeywords%3Dguitar%26qid%3D1691287313%26sr%3D8-69-spons%26sp_csd%3Dd2lkZ2V0TmFtZT1zcF9tdGY%26psc%3D1
81,Blueberry,"Blueberry 38C, 38"" Acoustic Guitar Kit with Bag, Strap, One Pack Strings And Picks (Natural)","2,695",7 days Replacement,"Saturday, 12 August",In stock,https://www.amazon.in/sspa/click?ie=UTF8&spc=MTo4MjI1MTkyODU2NTcxNzcyOjE2OTEyODczMTM6c3BfbXRmOjIwMDc4MzM2ODg3MDk4OjowOjo&url=%2FBlueberry-38C-Acoustic-Strings-Natural%2Fdp%2FB08KLNFL2Y%2Fref%3Dsr_1_70_sspa%3Fkeywords%3Dguitar%26qid%3D1691287313%26sr%3D8-70-spons%26sp_csd%3Dd2lkZ2V0TmFtZT1zcF9tdGY%26psc%3D1
82,Blueberry,"Blueberry B-40/R-40, 40 Inch Acoustic Guitar Kit Inbuilt Truss Rod, with Bag, Belt & One Pack Strings & Picks (Natural)","4,290",7 days Replacement,"Saturday, 12 August",In stock,https://www.amazon.in/sspa/click?ie=UTF8&spc=MTo4MjI1MTkyODU2NTcxNzcyOjE2OTEyODczMTM6c3BfbXRmOjIwMTI3OTU1MDA1Nzk4OjowOjo&url=%2FBlueberry-B-40Y-Acoustic-Inbuilt-Strings%2Fdp%2FB07PKQMDK5%2Fref%3Dsr_1_71_sspa%3Fkeywords%3Dguitar%26qid%3D1691287313%26sr%3D8-71-spons%26sp_csd%3Dd2lkZ2V0TmFtZT1zcF9tdGY%26psc%3D1
83,Henrix,"Henrix 38C 38 Inch Cutaway Acoustic Guitar With Dual Action Truss Rod, Gigbag, Picks, String Set, String Winder, Strap, Polishing Cloth & Ebook - Blue Burst","2,939",7 days Replacement,"Tuesday, 8 August",In stock,https://www.amazon.in/sspa/click?ie=UTF8&spc=MTo4MjI1MTkyODU2NTcxNzcyOjE2OTEyODczMTM6c3BfbXRmOjIwMDg4NDY1ODU5NDA0OjowOjo&url=%2FHenrix-Cutaway-Acoustic-Guitar-Action%2Fdp%2FB097NCQFFM%2Fref%3Dsr_1_72_sspa%3Fkeywords%3Dguitar%26qid%3D1691287313%26sr%3D8-72-spons%26sp_csd%3Dd2lkZ2V0TmFtZT1zcF9tdGY%26psc%3D1
84,Medellin,"Medellin M38 carbon fiber body 38 Incheses Acoustic Guitar (Blue Burst) Durable Matt finish With hAndrest, strings, strap, bag, 3 Picks, capo, stAnd",-,Returns Policy,-,,https://www.amazon.in/Medellin-Acoustic-Guitar-Carbon-Learning/dp/B09MSGMQ3Y/ref=sr_1_73?keywords=guitar&qid=1691287313&sr=8-73
85,HOVNER,"Hovner 215 Green F-Cut Rosewood Fretboard Acoustic Guitar With Bag,Strap,1 Set of Extra Strings and 2 Picks V3","4,350",7 days Replacement,"Monday, 14 August",In stock,https://www.amazon.in/215-Rosewood-Fretboard-Acoustic-Strings/dp/B0C5458VCL/ref=sr_1_74?keywords=guitar&qid=1691287313&sr=8-74
86,Intern,"Intern INT-38C-NT-G 38 Incheses lindenwood Right HAnded Acoustic Guitar Kit With Bag, Strings, Pick And Strap (Natural, 6-Strings)","2,239",7 days Replacement,"Wednesday, 9 August",In stock,https://www.amazon.in/Intern-INT-38C-NT-G-Guitar-Kit-Natural/dp/B07K9MZZH9/ref=sr_1_75?keywords=guitar&qid=1691287313&sr=8-75
87,STANDZO,"Standzo Yamaha F280 Acoustic Guitar, Natural with Padded Carry Bag, Belt, Picks, String and Learning Book Combo Pack","8,990",7 days Replacement,"Thursday, 10 August",Only 2 left in stock,https://www.amazon.in/Standzo-Yamaha-F280-Acoustic-Natural/dp/B08G556DD9/ref=sr_1_76?keywords=guitar&qid=1691287313&sr=8-76
88,Intern,"Intern INT-38C-VT-G 38 Incheses Cutaway Right HAnded lindenwood Acoustic Guitar Kit, With Bag, Strings, Pick And Strap (Violet, 6-Strings)","1,979",7 days Replacement,"Wednesday, 9 August",In stock,https://www.amazon.in/Intern-INT-38C-VT-G-Guitar-Kit-Violet/dp/B07K8YJXKL/ref=sr_1_77?keywords=guitar&qid=1691287313&sr=8-77
89,YAMAHA,"Yamaha F310, 6-Strings Acoustic Guitar, Natural","9,629",7 days Replacement,"Sunday, 13 August",In stock,https://www.amazon.in/Yamaha-F310-Acoustic-Guitar-Natural/dp/B08Z3C1GRM/ref=sr_1_78?keywords=guitar&qid=1691287313&sr=8-78
90,JUAREZ,"JUAREZ Arpeggio 99.06 cm (39 Inch) Semi-Acoustic Guitar Kit, Spruce Top, Rosewood Fretboard & Bridge, Truss Rod, 4 Band EQ, Chrome Die Cast Machine Tuners, Black","6,429",7 days Replacement,"Wednesday, 9 August",In stock,https://www.amazon.in/JUAREZ-Arpeggio-Semi-Acoustic-Rosewood-Fretboard/dp/B08LBG3F36/ref=sr_1_79?keywords=guitar&qid=1691287313&sr=8-79
91,Ibanez,"Ibanez MD39C Cutaway Acoustic Guitar - Sunburst, MD-39CDB (IBA-MD39CSB)","7,928",7 days Replacement,"Friday, 11 August",Only 2 left in stock,https://www.amazon.in/Ibanez-MD39C-NT-Cutaway-Acoustic-MD39CSB/dp/B07KYKTRKX/ref=sr_1_80?keywords=guitar&qid=1691287313&sr=8-80
92,Martin Smith,Martin Smith W-101-SB-PK Acoustic Guitar Super Kit with Stand (Sun Burst),"3,379",7 days Replacement,"Thursday, 10 August",In stock,https://www.amazon.in/Martin-Smith-W-101-SB-PK-Acoustic-Guitar/dp/B019MY0ZGI/ref=sr_1_81?keywords=guitar&qid=1691287313&sr=8-81
93,Intern,"Intern INT-38C-RD-G Linden Wood Cutaway Right Handed Acoustic Guitar Kit, With Bag, Strings, Pick And Strap (Red, 6 Strings)","2,399",7 days Replacement,"Tuesday, 8 August",In stock,https://www.amazon.in/Intern-INT-38C-RD-G-Guitar-Kit-Red/dp/B07K959RKX/ref=sr_1_82?keywords=guitar&qid=1691287313&sr=8-82
94,JUAREZ,"JUAREZ Wood Acoustic Guitar, [Left Handed] 96.52 Cm (38 Inch) Cutaway, 38Cl/Tbls With Bag, Strings, Pick And Strap, Blue Sunburst","1,999",7 days Replacement,"Thursday, 10 August",In stock,https://www.amazon.in/Acoustic-Cutaway-TBLS-Strings-Sunburst/dp/B098BCCY75/ref=sr_1_83?keywords=guitar&qid=1691287313&sr=8-83
95,YAMAHA,Yamaha FX280 Tobacco Brown Sunburst Electro Acoustic Guitar,"10,989",7 days Replacement,"Thursday, 10 August",In stock,https://www.amazon.in/FX280-acoustic-Dreadnought-Tobacco-Sunburst/dp/B09HR7BXGW/ref=sr_1_84?keywords=guitar&qid=1691287313&sr=8-84
96,JUAREZ,"Juârez JRZ38C/MAH 6 Strings Acoustic Guitar 38 Inch Cutaway, Right Handed, Mahogany with Bag, Strings, Picks and Strap","3,358",7 days Replacement,"Wednesday, 9 August",In stock,https://www.amazon.in/JRZ38C-Strings-Acoustic-Cutaway-Mahogany/dp/B071JM8C6T/ref=sr_1_85?keywords=guitar&qid=1691287313&sr=8-85
97,JUAREZ,"Juarez Acoustic Guitar, [ LEFT HANDED] 38 Inch Cutaway, 38CL/BK with Bag, Strings, Pick and Strap, Black","2,609",7 days Replacement,"Wednesday, 9 August",In stock,https://www.amazon.in/Juarez-Acoustic-Cutaway-BK-Strings/dp/B076T3RHMG/ref=sr_1_86?keywords=guitar&qid=1691287313&sr=8-86
98,JUAREZ,"Juârez Lindenwood Acoustic Guitar, 38 Inches Cutaway, JRZ38C With Bag, Strings, Pick And Strap, Blue","2,489",7 days Replacement,"Saturday, 12 August",In stock,https://www.amazon.in/JUAREZ-JRZ38C-Handed-Acoustic-Strings/dp/B01FYYTDX6/ref=sr_1_87?keywords=guitar&qid=1691287313&sr=8-87
99,Intern,"INTERN 41 inches Acoustic Guitar with truss rod. Includes carry bag, strings pack, strap & plectrums. Premium Wooden durable built, tonal stability & for all age-groups(Electric Blue).","2,759",7 days Replacement,"Thursday, 10 August",In stock,https://www.amazon.in/Acoustic-plectrums-stability-age-groups-Electric/dp/B09YH8JRZH/ref=sr_1_88?keywords=guitar&qid=1691287313&sr=8-88
100,JUAREZ,"JUAREZ JRZ-ST01, 6 Strings Linden Wood Electric Guitar, Right Handed with Bag/Case, 2 x Picks (3TS Sunburst)","4,999",7 days Replacement,"Thursday, 10 August",Only 2 left in stock,https://www.amazon.in/JRZ-ST01-6-String-Electric-Sunburst-Without/dp/B01FYZSOEE/ref=sr_1_89?keywords=guitar&qid=1691287313&sr=8-89
101,Cort,"Cort AF515CE 6-String Electro Acoustic Guitar - Open Pore, AF515CEOP","14,190",7 days Replacement,"Thursday, 10 August",In stock,https://www.amazon.in/Cort-AF515CE-6-String-Electro-Acoustic/dp/B07P6XSHQC/ref=sr_1_90?keywords=guitar&qid=1691287313&sr=8-90
102,YAMAHA,"Yamaha APX600 NA Thin Body Acoustic-Electric Guitar, Natural","27,979",7 days Replacement,"Monday, 14 August",Only 1 left in stock,https://www.amazon.in/Yamaha-APX600-NA-Acoustic-Electric-Natural/dp/B078WYGGHS/ref=sr_1_91?keywords=guitar&qid=1691287313&sr=8-91
103,JUAREZ,"Juârez Acoustic Guitar, 38 Inch Cutaway, JRZ38CT, Hippie Funky Design, with Bag, Picks, Strap & Extra String set","2,459",7 days Replacement,"Wednesday, 9 August",In stock,https://www.amazon.in/Juarez-Acoustic-Guitar-Cutaway-JRZ38CT/dp/B01N3TTYJQ/ref=sr_1_92?keywords=guitar&qid=1691287313&sr=8-92
104,Kadence,"Kadence Frontier Series 40 Incheses wood Semi Acoustic Guitar With Die Cast Keys (Bag,Strap,Strings And 3 Picks) (Sunburst)","5,499",7 days Replacement,"Friday, 11 August",In stock,https://www.amazon.in/Kadence-Frontier-Acoustic-Sunburst-Strings/dp/B07T5DMPZ3/ref=sr_1_93?keywords=guitar&qid=1691287313&sr=8-93
105,Intern,"Intern INT-38C-SB-G Linden Wood Cutaway Right Handed Acoustic Guitar Kit, With Bag, Strings, Pick And Strap (Sunburst, 6 Strings)","2,149",7 days Replacement,"Tuesday, 8 August",In stock,https://www.amazon.in/Intern-INT-38C-SB-G-Guitar-Kit-Sunburst/dp/B07K8WLPLH/ref=sr_1_94?keywords=guitar&qid=1691287313&sr=8-94
106,Blueberry,"Blueberry, VIP-401, 40Inch TrussRod Acoustic Guitar Kit With 1 Bag, 1 Belt, 1 String Set And 2 Picks (Green)","3,990",7 days Replacement,"Saturday, 12 August",In stock,https://www.amazon.in/Blueberry-VIP-401-40Inch-TrussRod-Acoustic/dp/B0BVYXF6X6/ref=sr_1_95?keywords=guitar&qid=1691287313&sr=8-95
107,VAULT,"Vault DA20 Dreadnought Acoustic Guitar With Gig-Bag, Picks, Strings Set, String Winder, Strap, Polishing Cloth And Allen Key","4,801",7 days Replacement,"Tuesday, 8 August",In stock,https://www.amazon.in/Dreadnought-Acoustic-Gig-Bag-Strings-Polishing/dp/B0BJJRJVHY/ref=sr_1_96?keywords=guitar&qid=1691287313&sr=8-96
108,JUAREZ,"JUAREZ Arpéggio 104.14 cm (41 Inch) Acoustic Guitar Kit, Spruce Top, Black","5,589",7 days Replacement,"Thursday, 10 August",In stock,https://www.amazon.in/JUAREZ-Arp%C3%A9ggio-Acoustic-Guitar-Spruce/dp/B08KGCFXKP/ref=sr_1_97?keywords=guitar&qid=1691287313&sr=8-97
109,VAULT,Vault Artisan Premium Acoustic Guitar with Solid Spruce Top and Solid Mahogany Back and Sides Natural,"23,199",7 days Replacement,"Tuesday, 8 August",In stock,https://www.amazon.in/Vault-Artisan-Premium-Acoustic-Guitar/dp/B09P179GCM/ref=sr_1_98?keywords=guitar&qid=1691287313&sr=8-98
110,ORANGEWOOD GUITARS,ORANGEWOOD GUITARS Rey-M Grand Auditorium Cutaway Layered Mahogany Top 41 Inches Acoustic Guitar,"15,469",7 days Replacement,"Thursday, 10 August",In stock,https://www.amazon.in/Orangewood-Auditorium-Acoustic-Mahogany-Earthwood/dp/B07BN7JMX3/ref=sr_1_99?keywords=guitar&qid=1691287313&sr=8-99
111,Nat,Fender Acoustic Guitar Dreadnought Cutaway Electronics FA-125CE Natural Right-Hand 0971113221 One of The Most reputed Guitar Brands in the World,"18,659",7 days Replacement,"Wednesday, 9 August",In stock,https://www.amazon.in/Fender-FA-125CE-Dreadnought-Fingerboard-Natural/dp/B07R16NMKH/ref=sr_1_100?keywords=guitar&qid=1691287313&sr=8-100
112,Enya,"Enya NOVA Go SP1 Carbon Fiber Acoustic Electric Guitar with Smart AcousticPlus 35 Inch Travel Acustica Guitarra Starter Bundle Kit of Gig Bag, Strap, Strings, Charging Cable, Instrument Cable(Blue)","25,500",7 days Replacement,"Thursday, 10 August",In stock,https://www.amazon.in/NOVA-SP1-Acoustic-AcousticPlus-Instrument/dp/B0BHZBSK2X/ref=sr_1_101?keywords=guitar&qid=1691287313&sr=8-101
113,Blueberry,"Blueberry, VIP 341, 34 Inch Sapele Natural Wood Finsh Acoustic Guitar Kit With Bag, Belt, String Sets And 2 Picks","3,290",7 days Replacement,"Saturday, 12 August",Only 2 left in stock,https://www.amazon.in/Blueberry-VIP-341-Natural-Acoustic/dp/B0BVVJ8VG5/ref=sr_1_102?keywords=guitar&qid=1691287313&sr=8-102
114,Epiphone,"Epiphone SG Muse 6 String Right Handed Electric Guitar, Inspired by Gibson Series, Smoked Almond Metallic","44,484",7 days Replacement,"Friday, 11 August",In stock,https://www.amazon.in/Epiphone-String-Electric-Inspired-Metallic/dp/B08BGCW2GB/ref=sr_1_103?keywords=guitar&qid=1691287313&sr=8-103
115,YAMAHA,YAMAHA FS80C BLACK CONCERT CUTAWAY GUITAR,"8,990",7 days Replacement,"Saturday, 12 August",In stock,https://www.amazon.in/YAMAHA-FS80C-CONCERT-CUTAWAY-GUITAR/dp/B08WBBVMVJ/ref=sr_1_104?keywords=guitar&qid=1691287313&sr=8-104
116,Blueberry,"Blueberry, VIP-301, 30Inch Acoustic Guitar Kit With Bag, Belt, String Sets And 2 Picks Natural","3,290",7 days Replacement,"Saturday, 12 August",In stock,https://www.amazon.in/sspa/click?ie=UTF8&spc=MTo4MjI1MTkyODU2NTcxNzcyOjE2OTEyODczMTM6c3BfYnRmOjIwMTI3OTkwMDI4OTk4OjowOjo&url=%2FBlueberry-VIP-301-30Inch-Acoustic-Natural%2Fdp%2FB0BVVFNXMD%2Fref%3Dsr_1_105_sspa%3Fkeywords%3Dguitar%26qid%3D1691287313%26sr%3D8-105-spons%26sp_csd%3Dd2lkZ2V0TmFtZT1zcF9idGY%26psc%3D1
117,MUSTANG,Mustang 46 PCS Guitar Strings Changing Kit Guitar Tool Kit Including Guitar Strings Guitar Tuner Picks Capo Pins Guitar String Cutter and Winder for Beginner,895,7 days Replacement,"Saturday, 19 August",In stock,https://www.amazon.in/sspa/click?ie=UTF8&spc=MTo4MjI1MTkyODU2NTcxNzcyOjE2OTEyODczMTM6c3BfYnRmOjIwMDU3ODE3MzY4ODk4OjowOjo&url=%2FMustang-Strings-Changing-Including-Beginner%2Fdp%2FB07S19LGLR%2Fref%3Dsr_1_106_sspa%3Fkeywords%3Dguitar%26qid%3D1691287313%26sr%3D8-106-spons%26sp_csd%3Dd2lkZ2V0TmFtZT1zcF9idGY%26psc%3D1
118,Blueberry,"Blueberry, VIP-361, 36Inch Acoustic Guitar Kit With Bag, Belt, String Set And 2 Picks Natural","3,290",7 days Replacement,"Saturday, 12 August",In stock,https://www.amazon.in/sspa/click?ie=UTF8&spc=MTo4MjI1MTkyODU2NTcxNzcyOjE2OTEyODczMTM6c3BfYnRmOjIwMTI3OTkwMDI4ODk4OjowOjo&url=%2FBlueberry-VIP-361-36Inch-Acoustic-Natural%2Fdp%2FB0BVVKLLJN%2Fref%3Dsr_1_107_sspa%3Fkeywords%3Dguitar%26qid%3D1691287313%26sr%3D8-107-spons%26sp_csd%3Dd2lkZ2V0TmFtZT1zcF9idGY%26psc%3D1
119,Blueberry,"Blueberry, VIP-400, 40Inch TrussRod Acoustic Guitar With 1 Bag, 1 Belt, 1 String Set And 2 Picks","4,590",7 days Replacement,"Saturday, 12 August",In stock,https://www.amazon.in/sspa/click?ie=UTF8&spc=MTo4MjI1MTkyODU2NTcxNzcyOjE2OTEyODczMTM6c3BfYnRmOjIwMTI3OTkwMDI4Mzk4OjowOjo&url=%2FBlueberry-VIP-400-40Inch-TrussRod-Acoustic%2Fdp%2FB0BVYY6ND2%2Fref%3Dsr_1_108_sspa%3Fkeywords%3Dguitar%26qid%3D1691287313%26sr%3D8-108-spons%26sp_csd%3Dd2lkZ2V0TmFtZT1zcF9idGY%26psc%3D1
120,Blueberry,"Blueberry B40L, 40"" Acoustic Guitar Kit Inbuilt Truss Rod with Bag, Strap, One Pack Strings And Picks (Classic Maroon)","4,290",7 days Replacement,"Saturday, 12 August",In stock,https://www.amazon.in/sspa/click?ie=UTF8&spc=MToxNzk0OTkxMjMxMDg1Nzk1OjE2OTEyODczMjQ6c3BfYXRmX25leHQ6MjAwNzgzMzY4ODUxOTg6OjA6Og&url=%2FBlueberry-Acoustic-Inbuilt-Strings-Classic%2Fdp%2FB09VLF8B8G%2Fref%3Dsr_1_97_sspa%3Fkeywords%3Dguitar%26qid%3D1691287324%26sr%3D8-97-spons%26sp_csd%3Dd2lkZ2V0TmFtZT1zcF9hdGZfbmV4dA%26psc%3D1
121,VAULT,Vault DA40 41 Inch Premium Solid Spruce-Top Dreadnought Acoustic Guitar With Allen Key Natural,"6,934",7 days Replacement,"Tuesday, 8 August",In stock,https://www.amazon.in/sspa/click?ie=UTF8&spc=MToxNzk0OTkxMjMxMDg1Nzk1OjE2OTEyODczMjQ6c3BfYXRmX25leHQ6MjAwOTI2MjQwMjE0OTg6OjA6Og&url=%2FPremium-Spruce-Top-Dreadnought-Acoustic-Guitar%2Fdp%2FB0BJK1CWSN%2Fref%3Dsr_1_98_sspa%3Fkeywords%3Dguitar%26qid%3D1691287324%26sr%3D8-98-spons%26sp_csd%3Dd2lkZ2V0TmFtZT1zcF9hdGZfbmV4dA%26psc%3D1
122,Blueberry,"Blueberry B-40, 40 Inch Acoustic Guitar Kit with Bag, Belt, One Pack Strings & Picks (Black)","4,290",7 days Replacement,"Saturday, 12 August",In stock,https://www.amazon.in/sspa/click?ie=UTF8&spc=MToxNzk0OTkxMjMxMDg1Nzk1OjE2OTEyODczMjQ6c3BfYXRmX25leHQ6MjAwNzgzMzY4ODkwOTg6OjA6Og&url=%2FBlueberry-Acoustic-Guitar-Strings-Picks%2Fdp%2FB08L7NQB57%2Fref%3Dsr_1_99_sspa%3Fkeywords%3Dguitar%26qid%3D1691287324%26sr%3D8-99-spons%26sp_csd%3Dd2lkZ2V0TmFtZT1zcF9hdGZfbmV4dA%26psc%3D1
123,Blueberry,"Blueberry B-D38, 38"" Acoustic Guitar Kit Inbuilt Truss Rod, with Bag, Strap, One Pack Strings And Picks (MAROON BROWN)","2,895",7 days Replacement,"Saturday, 12 August",In stock,https://www.amazon.in/sspa/click?ie=UTF8&spc=MToxNzk0OTkxMjMxMDg1Nzk1OjE2OTEyODczMjQ6c3BfYXRmX25leHQ6MjAwNzgzMzY4ODUwOTg6OjA6Og&url=%2FBlueberry-B-D38-Acoustic-Inbuilt-Strings%2Fdp%2FB0B74CSY9V%2Fref%3Dsr_1_100_sspa%3Fkeywords%3Dguitar%26qid%3D1691287324%26sr%3D8-100-spons%26sp_csd%3Dd2lkZ2V0TmFtZT1zcF9hdGZfbmV4dA%26psc%3D1
124,Cort,Cort MR500E Dreadnought Cutaway Electro Acoustic Guitar -Brown Burst,"22,489",7 days Replacement,"Monday, 14 August",Only 1 left in stock,https://www.amazon.in/MR500E-Dreadnought-Cutaway-Electro-Acoustic/dp/B07L1525NT/ref=sr_1_101?keywords=guitar&qid=1691287324&sr=8-101
125,YAMAHA,"Yamaha Electric-Acoustic Guitar FSX80C Dreadnought With With Mexa Sponge Bag, Guitar Belt, Guitar Stand, String Set & Plectrums.(NT) Natural","13,790",7 days Replacement,"Thursday, 10 August",In stock,https://www.amazon.in/Yamaha-Electric-Acoustic-FSX80C-Dreadnought-Plectrums/dp/B09HSJ6GPQ/ref=sr_1_102?keywords=guitar&qid=1691287324&sr=8-102
126,JUAREZ,"JUAREZ Arpeggio Guitar JRA39SR-BL-K, blue","7,131",7 days Replacement,"Wednesday, 9 August",In stock,https://www.amazon.in/JUAREZ-Arpeggio-Guitar-JRA39SR-BL-K-blue/dp/B08MWB5Y67/ref=sr_1_103?keywords=guitar&qid=1691287324&sr=8-103
127,YAMAHA,"YAMAHA F310-TBS Right Handed Spruce, Back/Side/Rib, Meranti Acoustic Guitar (Tobacco Sunburst, 6-Strings)","10,875",7 days Replacement,"Saturday, 12 August",In stock,https://www.amazon.in/Yamaha-6-String-Acoustic-Right-Handed-Sunburst/dp/B000WITGQO/ref=sr_1_104?keywords=guitar&qid=1691287324&sr=8-104
128,HOVNER,"Hovner 215 Royal Metallic Black F-Cut Rosewood Fretboard Acoustic Guitar With Bag,Strap,1 Set of Extra Strings and 2 Picks","4,350",7 days Replacement,"Thursday, 17 August",In stock,https://www.amazon.in/Hovner-Royal-Metallic-Rosewood-Fretboard/dp/B09RG6ZMWL/ref=sr_1_105?keywords=guitar&qid=1691287324&sr=8-105
129,YAMAHA,"Yamaha F310, 6-Strings Acoustic Guitar, (YAMAHAF310TBS Bundle, Sunburst)","10,499",7 days Replacement,"Tuesday, 8 August",Only 2 left in stock,https://www.amazon.in/Yamaha-6-Strings-Acoustic-YAMAHAF310TBS-Sunburst/dp/B07ZVQ4ZCK/ref=sr_1_106?keywords=guitar&qid=1691287324&sr=8-106
130,Cort,"Cort 6 Strings Acoustic Guitar, Spruce Top Brown With Padded Bag, Belt, Mahogany Back & Sides, Plectrums & Guitar Tuner Complete Pack AD810-OP","10,941",7 days Replacement,"Friday, 11 August",In stock,https://www.amazon.in/Cort-CAP810-OP-Acoustic-Plectrums-Complete/dp/B08D7SWGG5/ref=sr_1_107?keywords=guitar&qid=1691287324&sr=8-107
131,JUAREZ,"JUAREZ Arpeggio 99.06 cm (39 Inch) Acoustic Guitar Kit, Spruce Top, Rosewood Fretboard & Bridge, Truss Rod, Chrome Die Cast Machine Tuners, Black","5,699",7 days Replacement,"Thursday, 10 August",In stock,https://www.amazon.in/JUAREZ-Arpeggio-Acoustic-Rosewood-Fretboard/dp/B08LBHB547/ref=sr_1_108?keywords=guitar&qid=1691287324&sr=8-108
132,VAULT,Vault ST1 Premium Electric Guitar - White,"7,599",7 days Replacement,"Tuesday, 8 August",Only 1 left in stock,https://www.amazon.in/Vault-ST1-Premium-Electric-Guitar/dp/B09GLYSJ8W/ref=sr_1_109?keywords=guitar&qid=1691287324&sr=8-109
133,Kadence,"Kadence A281 Professional Acoustic Rosewood guitar (Natural, Beige)","6,499",7 days Replacement,"Friday, 11 August",In stock,https://www.amazon.in/Kadence-Professional-Acoustic-Rosewood-Natural/dp/B0CC927DLN/ref=sr_1_110?keywords=guitar&qid=1691287324&sr=8-110
134,Kadence,"Kadence Frontier Series Semi Acoustic Guitar With Die Cast Keys Natural Super Combo, Capo, Bag, strap, strings and 3 picks)","5,999",7 days Replacement,"Friday, 11 August",In stock,https://www.amazon.in/Kadence-Frontier-Acoustic-Equalizer-Foldable/dp/B01I50UMPO/ref=sr_1_111?keywords=guitar&qid=1691287324&sr=8-111
135,JUAREZ,"Juârez JRZ38C/VTS 6 Strings Acoustic Guitar 38 Inch Cutaway, Right Handed, Violet/Purple with Bag, Strings, Picks and Strap","2,489",7 days Replacement,"Wednesday, 9 August",In stock,https://www.amazon.in/JRZ38C-VTS-Strings-Acoustic-Cutaway/dp/B072MFLQC9/ref=sr_1_112?keywords=guitar&qid=1691287324&sr=8-112
136,JUAREZ,JUAREZ Acoustic Guitar 3xE 1st String & 2 Pick Set JRGSE32,-,Returns Policy,-,,https://www.amazon.in/JUAREZ-Acoustic-Guitar-String-JRGSE32/dp/B08MW1WPW5/ref=sr_1_113?keywords=guitar&qid=1691287324&sr=8-113
137,Kadence,Kadence Acoustica Series Semi Acoustic Ash Wood with Equlizer A-06 (Guitar Super Combo with Accessories),"8,499",7 days Replacement,"Friday, 11 August",In stock,https://www.amazon.in/Kadence-Acoustica-Acoustic-Equlizer-Accessories/dp/B09BVH7BMJ/ref=sr_1_114?keywords=guitar&qid=1691287324&sr=8-114
138,Cort,Cort AD810E Dreadnought Electro Acoustic Guitar,"12,699",7 days Replacement,"Tuesday, 8 August",In stock,https://www.amazon.in/Cort-AD810E-Dreadnought-Electro-Acoustic/dp/B00V9RNUD2/ref=sr_1_115?keywords=guitar&qid=1691287324&sr=8-115
139,Blueberry,"Blueberry 38C, 38"" Acoustic Guitar Kit with Bag, Strap, One Pack Strings And Picks (Sunburst)","2,395",7 days Replacement,"Saturday, 12 August",In stock,https://www.amazon.in/Blueberry-38C-Acoustic-Strings-Sunburst/dp/B08KLMQN88/ref=sr_1_116?keywords=guitar&qid=1691287324&sr=8-116
140,NM Signature,"NM Signature Electra Blue Rosewood Fretboard Acoustic Guitar With Bag,Strap,1 Set of Extra Strings and 2 Picks","3,789",7 days Returnable,"Wednesday, 16 August",Only 2 left in stock,https://www.amazon.in/sspa/click?ie=UTF8&spc=MToxNzk0OTkxMjMxMDg1Nzk1OjE2OTEyODczMjQ6c3BfbXRmOjMwMDAyOTM0Mzg3NjYzMjo6MDo6&url=%2FNM-Signature-Rosewood-Fretboard-Acoustic%2Fdp%2FB09X659PN7%2Fref%3Dsr_1_117_sspa%3Fkeywords%3Dguitar%26qid%3D1691287324%26sr%3D8-117-spons%26sp_csd%3Dd2lkZ2V0TmFtZT1zcF9tdGY%26psc%3D1
141,Kaps,"Kaps ST - 1ACM, 6-Strings, Acoustic Guitar , Right-Handed, Wine Red, With Guitar Cover/Bag","7,999",7 days Replacement,11 - 14 August,Only 1 left in stock,https://www.amazon.in/sspa/click?ie=UTF8&spc=MToxNzk0OTkxMjMxMDg1Nzk1OjE2OTEyODczMjQ6c3BfbXRmOjMwMDAyNzU1MzU2ODQzMjo6MDo6&url=%2FKaps-ST-6-Strings-Acoustic-Right-Handed%2Fdp%2FB01D9OK6NY%2Fref%3Dsr_1_118_sspa%3Fkeywords%3Dguitar%26qid%3D1691287324%26sr%3D8-118-spons%26sp_csd%3Dd2lkZ2V0TmFtZT1zcF9tdGY%26psc%3D1%26smid%3DA25SDO8DM1FXLU
142,FESTRA,"Festra R-40-Natural Acoustic Guitar Kit with Bag, Strap, One Pack Strings And 2 Picks","4,076",7 days Replacement,"Saturday, 12 August",In stock,https://www.amazon.in/sspa/click?ie=UTF8&spc=MToxNzk0OTkxMjMxMDg1Nzk1OjE2OTEyODczMjQ6c3BfbXRmOjIwMDc4MzM2ODg1OTk4OjowOjo&url=%2FFestra-R-40-Natural-Acoustic-Guitar-Strings%2Fdp%2FB09VL5DX17%2Fref%3Dsr_1_119_sspa%3Fkeywords%3Dguitar%26qid%3D1691287324%26sr%3D8-119-spons%26sp_csd%3Dd2lkZ2V0TmFtZT1zcF9tdGY%26psc%3D1
143,VAULT,"Vault Traveller 34 Inch Acoustic Guitar With Truss Rod, Gig-Bag, Strap, Strings, Polishing Cloth, String Winder, Picks & E-Book - Natural Gloss","4,029",7 days Replacement,"Tuesday, 8 August",In stock,https://www.amazon.in/sspa/click?ie=UTF8&spc=MToxNzk0OTkxMjMxMDg1Nzk1OjE2OTEyODczMjQ6c3BfbXRmOjIwMDM2MjI1NzQxMDk4OjowOjo&url=%2FTraveller-Acoustic-Guitar-Strings-Polishing%2Fdp%2FB07RK9962M%2Fref%3Dsr_1_120_sspa%3Fkeywords%3Dguitar%26qid%3D1691287324%26sr%3D8-120-spons%26sp_csd%3Dd2lkZ2V0TmFtZT1zcF9tdGY%26psc%3D1
144,JUAREZ,"Juârez Acoustic Guitar, 38 Inch Cutaway, JRZ38C with Bag, Strings, Pick and Strap, Red","2,489",7 days Replacement,"Wednesday, 9 August",In stock,https://www.amazon.in/JUAREZ-JRZ38C-Handed-Acoustic-Strings/dp/B01FYYTDW2/ref=sr_1_121?keywords=guitar&qid=1691287324&sr=8-121
145,Fender,Fender Acoustic Guitar Dreadnought Solid CD60S Black 970110006,"18,091",7 days Replacement,"Thursday, 10 August",In stock,https://www.amazon.in/Fender-Classic-Design-Dreadnought-Acoustic/dp/B07HYS18LJ/ref=sr_1_122?keywords=guitar&qid=1691287324&sr=8-122
146,Cort,"Cort AD880CE BK, 6 Strings Acoustic Guitar, Right-Handed, Black, without case","16,399",7 days Replacement,"Tuesday, 8 August",Only 1 left in stock,https://www.amazon.in/Cort-AD880CE-BK-Acoustic-Right-Handed/dp/B00LCUPZ20/ref=sr_1_123?keywords=guitar&qid=1691287324&sr=8-123
147,Epiphone,"Epiphone Les Paul Express""Travel-Size"" Electric Guitar, Ebony","14,990",7 days Replacement,"Friday, 11 August",In stock,https://www.amazon.in/Epiphone-Express-Travel-Size-Electric-Guitar/dp/B00I056PAG/ref=sr_1_124?keywords=guitar&qid=1691287324&sr=8-124
148,YAMAHA,"YAMAHA Pacifica012 Electric Guitar, Red Metallic",-,Returns Policy,-,"Currently unavailable.
We don't know when or if this item will be back in stock.",https://www.amazon.in/Yamaha-PAC012-Electric-Guitar-Metallic/dp/B000MLY7XS/ref=sr_1_125?keywords=guitar&qid=1691287324&sr=8-125
149,YAMAHA,Yamaha 22.8 Inches Merantiwood Classical Guitar C40//02 (Brown),-,Returns Policy,-,,https://www.amazon.in/Yamaha-Classical-Guitar-C40-02/dp/B003UGCUFE/ref=sr_1_126?keywords=guitar&qid=1691287324&sr=8-126
150,Medellin,"Medellin Acoustic Guitar + (Free online learning Course) Neon Green with Strings,Bag,Picks and guitar strap.","2,499",7 days Replacement,"Friday, 11 August",In stock,https://www.amazon.in/Medellin-Acoustic-Guitar-learning-Strings/dp/B0CCNS2NDX/ref=sr_1_127?keywords=guitar&qid=1691287324&sr=8-127
151,C M enterprise,C M enterprise 4 String Acoustic Décor Guitar Children's Educational Musical Instrument Child Learning Random Brown Best Gift 24 Inch Kids Keep Tone Picks Strap Ability Beginner Sound (Guitar),-,Returns Policy,-,,https://www.amazon.in/enterprise-Acoustic-D%C3%A9cor-Guitar-Educational/dp/B0CBPG62KK/ref=sr_1_128?keywords=guitar&qid=1691287324&sr=8-128
152,Fender,"Fender 0971210521 (FA-125 Dreadnought w/bag, Walnut Fingerboard, Natural)","11,999",7 days Replacement,"Tuesday, 8 August",In stock,https://www.amazon.in/Fender-Alternative-String-Acoustic-971210521/dp/B07LD8RZVR/ref=sr_1_129?keywords=guitar&qid=1691287324&sr=8-129
153,JUAREZ,"Juarez Acoustic Lindenwood Guitar, 38 Inches Cutaway With Pick Guard, 38C/RDS With Bag, Strings, Pick And Strap, Red Sunburst","2,609",7 days Replacement,"Thursday, 10 August",In stock,https://www.amazon.in/Acoustic-Cutaway-RDS-Strings-Sunburst/dp/B076QGY91P/ref=sr_1_130?keywords=guitar&qid=1691287324&sr=8-130
154,Kadence,Kadence professional Guitar A311 Black,"6,999",7 days Replacement,"Friday, 11 August",In stock,https://www.amazon.in/Kadence-6-strings-Acoustic-Guitar-Natural/dp/B07JKYWGJN/ref=sr_1_131?keywords=guitar&qid=1691287324&sr=8-131
155,Fender,"Fender FA-125 Dreadnought Acoustic Guitar With Gig Bag, Polishing Cloth & E-Book","12,199",7 days Replacement,"Tuesday, 8 August",In stock,https://www.amazon.in/Fender-CD-60SCE-Electro-Acoustic-Gig-Bag-Polishing/dp/B084BYHZKS/ref=sr_1_132?keywords=guitar&qid=1691287324&sr=8-132
156,Washburn,Washburn WD10 Dreadnought Acoustic Guitar - Natural (WD10S),"11,489",7 days Replacement,"Friday, 11 August",Only 2 left in stock,https://www.amazon.in/Washburn-WD10-Dreadnought-Acoustic-Guitar/dp/B003EYV7Y2/ref=sr_1_133?keywords=guitar&qid=1691287324&sr=8-133
157,Kadence,"Kadence Frontier Series,Black Acoustic Guitar With Die Cast Keys Super Combo (Capo, Bag, strap, strings and 3 picks)","5,899",7 days Replacement,"Friday, 11 August",In stock,https://www.amazon.in/Kadence-Frontier-Acoustic-Foldable-Strings/dp/B01CJJG882/ref=sr_1_134?keywords=guitar&qid=1691287324&sr=8-134
158,Fender,Fender Squier 39 Inch 6 String Cutaway Acoustic Guitar Hardwood Fretboard-Natural Sa 135C Right-Hand One Of The Most Reputed Guitar Brands In The World,"7,400",7 days Replacement,"Thursday, 10 August",In stock,https://www.amazon.in/Fender-String-Cutaway-Acoustic-Guitar/dp/B07YX5W8MV/ref=sr_1_135?keywords=guitar&qid=1691287324&sr=8-135
159,YAMAHA,"Yamaha FS80C Acoustic Guitar Cutaway Concert Body With Mexa Sponge Bag, Guitar Belt, Guitar Stand, String Set & Plectrums.(BK)","9,490",7 days Replacement,"Thursday, 10 August",Only 1 left in stock,https://www.amazon.in/FS80C-Acoustic-Cutaway-Concert-Plectrums/dp/B09HSHGD3B/ref=sr_1_136?keywords=guitar&qid=1691287324&sr=8-136
160,Fender,Fender Acoustic Guitar Dreadnought Cd60 V3 Natural 970110521 Right-Hand One Of The Most Reputed Guitar Brands In The World,"12,453",7 days Replacement,"Thursday, 10 August",In stock,https://www.amazon.in/Fender-Dread-String-Acoustic-Guitar/dp/B07RL6VG3H/ref=sr_1_137?keywords=guitar&qid=1691287324&sr=8-137
161,Epiphone,Epiphone PRO 1 Acoustic Guitar Natural,"13,639",7 days Replacement,"Friday, 11 August",In stock,https://www.amazon.in/Epiphone-PRO-Acoustic-Guitar-Natural/dp/B019XV896I/ref=sr_1_138?keywords=guitar&qid=1691287324&sr=8-138
162,Blueberry,"BLUEBERRY,VIP-403, 40Inch TrussRod Acoustic Guitar Basswood With Bag, Belt, String Sets And 2 Picks","4,490",7 days Replacement,"Saturday, 12 August",In stock,https://www.amazon.in/BLUEBERRY-VIP-403-TrussRod-Acoustic-Basswood/dp/B0BVZ3XYXW/ref=sr_1_139?keywords=guitar&qid=1691287324&sr=8-139
163,YAMAHA,"Yamaha Electric-Acoustic Guitar FX280 Dreadnought With Mexa Sponge Guitar Bag, Belt,Plectrums.","12,499",7 days Replacement,"Thursday, 10 August",In stock,https://www.amazon.in/Yamaha-Electric-Acoustic-FX280-Dreadnought-Plectrums/dp/B09HSHNR6R/ref=sr_1_140?keywords=guitar&qid=1691287324&sr=8-140
164,Kadence,"Kadence Slowhand Premium Semi Acoustic Guitar with Heavy Padded Bag, guitar cable, Pro Capo (Solid Spruce Top)","15,499",7 days Replacement,"Friday, 11 August",In stock,https://www.amazon.in/Kadence-Slowhand-Premium-Acoustic-Instrument/dp/B077SSGVK6/ref=sr_1_141?keywords=guitar&qid=1691287324&sr=8-141
165,Blueberry,"Blueberry B-38C-Brown 38 Inch Acoustic Guitar Kit with Bag, Strap, One Pack Strings And 2 Picks","2,450",7 days Replacement,"Saturday, 12 August",In stock,https://www.amazon.in/Blueberry-B-38C-Brown-Acoustic-Guitar-Strings/dp/B0B71BHDGQ/ref=sr_1_142?keywords=guitar&qid=1691287324&sr=8-142
166,JUAREZ,JUAREZ JRZ41C 41 Inch ACOUSTIC GUITAR WITH ACC (3TS SUNBURST),"4,089",7 days Replacement,"Thursday, 10 August",In stock,https://www.amazon.in/JUAREZ-JRZ41C-ACOUSTIC-GUITAR-SUNBURST/dp/B07X1XQC4Z/ref=sr_1_143?keywords=guitar&qid=1691287324&sr=8-143
167,Kadence,Kadence GenZ Guitar (with Guitar learning course) Acoustic Guitar with Die Cast Keys and Bag (Lavender),"5,999",7 days Returnable,"Friday, 11 August",In stock,https://www.amazon.in/Kadence-Guitar-learning-Acoustic-Lavender/dp/B0CD4CNSPJ/ref=sr_1_144?keywords=guitar&qid=1691287324&sr=8-144
168,Intern,"Intern INT-38C-L-BLS Left Hand Acoustic Guitar Kit, With Bag, Strings, Pick And Strap, Blue","2,059",7 days Replacement,"Thursday, 10 August",In stock,https://www.amazon.in/Intern-INT-38C-L-BLS-Left-Acoustic-Guitar/dp/B07J4VX4D7/ref=sr_1_145?keywords=guitar&qid=1691287324&sr=8-145
169,Blueberry,"Blueberry B-D38 38 Incheses wood Acoustic Guitar Kit Inbuilt Truss Rod With Bag, Strap, One Pack Strings And Picks (Blue)","2,655",7 days Replacement,"Saturday, 12 August",In stock,https://www.amazon.in/Blueberry-B-D38-Acoustic-Inbuilt-Strings/dp/B07PHYZZP1/ref=sr_1_146?keywords=guitar&qid=1691287324&sr=8-146
170,Blueberry,"Blueberry B40L, 40"" Acoustic Guitar Kit Inbuilt Truss Rod with Bag, Strap, One Pack Strings And Picks (Classic Maroon)","4,290",7 days Replacement,"Saturday, 12 August",In stock,https://www.amazon.in/Blueberry-Acoustic-Inbuilt-Strings-Classic/dp/B09VLF8B8G/ref=sr_1_147?keywords=guitar&qid=1691287324&sr=8-147
171,Blueberry,"Blueberry, VlP-405, 40Inch TrussRod Acoustic Guitar With Bag, Belt, String Set And 2 Picks (Classic Brown)","4,590",7 days Replacement,"Saturday, 12 August",In stock,https://www.amazon.in/Blueberry-VlP-405-TrussRod-Acoustic-Classic/dp/B0BVZBL1VJ/ref=sr_1_148?keywords=guitar&qid=1691287324&sr=8-148
172,Cort,"Cort AF500C Standard Series Open Pore Cutaway Acoustic Guitar with Bajaao Gig-Bag, Polishing Cloth & E-Book","8,999",7 days Replacement,"Tuesday, 8 August",In stock,https://www.amazon.in/Cort-Standard-Gig-Bag-Polishing-Cloth/dp/B0C6QHTLKL/ref=sr_1_149?keywords=guitar&qid=1691287324&sr=8-149
173,JUAREZ,"Juârez JRZ38C/ASH 6 Strings Acoustic Guitar 38 Inch Cutaway, Right Handed, Ash with Bag, Strings, Picks and Strap","2,589",7 days Replacement,"Thursday, 10 August",In stock,https://www.amazon.in/Juarez-JRZ38C-ASH-Strings-Acoustic/dp/B072JTPNZC/ref=sr_1_150?keywords=guitar&qid=1691287324&sr=8-150
174,Kadence,"Kadence Astro Man Electric Guitar, with Free learning course 24 FRETS, H- S - S PICK UPS Walnut Top with Alder wood Back and Sides (white) With Amplifier","9,999",7 days Replacement,"Friday, 11 August",In stock,https://www.amazon.in/Kadence-Astro-Electric-Guitar-FRETS/dp/B09YHPH1MZ/ref=sr_1_151?keywords=guitar&qid=1691287324&sr=8-151
175,Fender,"Fender CD-60 0961545032, 6-Strings Acoustic Guitar, Right Handed, Sunburst, without Case","13,279",7 days Replacement,"Friday, 11 August",Only 2 left in stock,https://www.amazon.in/Fender-0961545032-6-Strings-Acoustic-Sunburst/dp/B00L91LC7O/ref=sr_1_152?keywords=guitar&qid=1691287324&sr=8-152
176,Gibz's guitar,"Gibz's Guitar FT-G41 Frontier Series 41"" Jumbo Semi Acoustic Guitar With Die Cast Keys, Super Combo (Bag, 1 pack Strings, Strap, Picks, Capo (Black)","6,999",7 days Replacement,"Saturday, 12 August",Only 2 left in stock,https://www.amazon.in/sspa/click?ie=UTF8&spc=MToxNzk0OTkxMjMxMDg1Nzk1OjE2OTEyODczMjQ6c3BfYnRmOjMwMDAyOTA0MDUyMjUzMjo6MDo6&url=%2FGibzs-FT-G41-Frontier-Acoustic-Strings%2Fdp%2FB0BY5DQV35%2Fref%3Dsr_1_153_sspa%3Fkeywords%3Dguitar%26qid%3D1691287324%26sr%3D8-153-spons%26sp_csd%3Dd2lkZ2V0TmFtZT1zcF9idGY%26psc%3D1
177,Yellow and Green,NutCor Portable Electronic Musical Mini Guitar It's an Electronic Guitar Designed in a Mini Size for Easy Portability.,239,10 days Returnable,"Saturday, 12 August",In stock,https://www.amazon.in/sspa/click?ie=UTF8&spc=MToxNzk0OTkxMjMxMDg1Nzk1OjE2OTEyODczMjQ6c3BfYnRmOjMwMDAxOTA3MzI4MTAzMjo6MDo6&url=%2FNutCor-Electronic-Musical-Mini-Guitar%2Fdp%2FB07GN9BVH1%2Fref%3Dsr_1_154_sspa%3Fkeywords%3Dguitar%26qid%3D1691287324%26sr%3D8-154-spons%26sp_csd%3Dd2lkZ2V0TmFtZT1zcF9idGY%26psc%3D1
178,Guitar Bro,"GUITAR BRO - COMBO (Black Acoustic Rose Wood Guitar for Beginner, Guitar Learning Kit, Song Book, Video Lectures, Accessories like Pick, Bag)","8,999",7 days Replacement,11 - 14 August,In stock,https://www.amazon.in/sspa/click?ie=UTF8&spc=MToxNzk0OTkxMjMxMDg1Nzk1OjE2OTEyODczMjQ6c3BfYnRmOjIwMDQ5MTI5MTM2MjAxOjowOjo&url=%2FGUITAR-BRO-Acoustic-Beginner-Accessories%2Fdp%2FB07T84GC8L%2Fref%3Dsr_1_155_sspa%3Fkeywords%3Dguitar%26qid%3D1691287324%26sr%3D8-155-spons%26sp_csd%3Dd2lkZ2V0TmFtZT1zcF9idGY%26psc%3D1
179,Blueberry,"Blueberry B-D38, 38 Inch Acoustic Guitar Kit Inbuilt Truss Rod with Bag, Strap, One Pack Strings And Picks (Sunburst)","2,795",7 days Replacement,"Saturday, 12 August",In stock,https://www.amazon.in/sspa/click?ie=UTF8&spc=MToxNzk0OTkxMjMxMDg1Nzk1OjE2OTEyODczMjQ6c3BfYnRmOjIwMDc4MzM2ODg3Njk4OjowOjo&url=%2FBlueberry-B-D38-Acoustic-Inbuilt-Sunburst%2Fdp%2FB08LNP8KGS%2Fref%3Dsr_1_156_sspa%3Fkeywords%3Dguitar%26qid%3D1691287324%26sr%3D8-156-spons%26sp_csd%3Dd2lkZ2V0TmFtZT1zcF9idGY%26psc%3D1
