,Comment,Upvote,Time
0,"2017: People came to listen song. 
2023: People come to check views.",563 k,hace 2 a√±os (editado)
1,Esta canci√≥n nunca va a pasar de moda ,114,hace 2 d√≠as
2,Gosto muito dessa m√∫sica ,63,hace 1 d√≠a
3,Yo no me aburro de escuchar este tema fue uno de los mejores √©xitos de Luis Fonsi,25,hace 1 d√≠a
4,"Aunque esta obra maestra tiene 6 a√±os, nunca me cansar√© de escucharla... 2023",13,hace 4 horas
5,Esta canci√≥n nunca va a pasar de moda ,149,hace 2 d√≠as
6,Who‚Äôs here before 8.5B views ?,213 k,hace 3 a√±os (editado)
7,A m√∫sica e boa nunca passa de moda,6,hace 4 horas
8,Temazo..... m√∫sica para toda la vida saludos desde Espa√±a Ô∏è,21,hace 1 d√≠a
9,Esta es la canci√≥n m√°s legendaria de YouTube que me hace recordar las delicias de los a√±os pasados y el verano pasado ,7,hace 2 d√≠as
10,2023 y a√∫n no deja de sonar este temazo ,5,hace 2 horas
11,The first viewer must feel like the king of the world...,419 k,hace 2 a√±os
12,"6 anos se passaram e a energia que essa m√∫sica passa s√≥ fica mais gostosa, pra mim j√° virou uma tradi√ß√£o abrir o yt s√≥ pra ouvir um pouco, devo ter feito isso umas 15 mil vezes at√© agora e ainda n√£o foi o suficiente kkkkk",130,hace 4 d√≠as
13,"Meu Deus, essa m√∫sica rodou o planeta inteiro!!!  A m√∫sica mais ouvida!!!",118,hace 9 d√≠as
14,"massa, acho que vai fazer sucesso essa musica!",8,hace 21 horas
15,"wow 6 a√±os pasaron sin darme cuenta, me gusta la canci√≥n.",7,hace 1 d√≠a
16,Muito bom,12,hace 2 d√≠as
17,"2018 : T-series VS pewdiepie
2019 : Avengers VS thanos
2020 : Despacito VS Baby shark
2021 : Despacito VS World population",65 k,hace 2 a√±os (editado)
18,Me asombr ver lo lejos que ha llegado esta canci√≥n. Recuerdo cuando no la dejaban descansar y haora pr√°cticamente todo el mundo la conoce,47,hace 2 d√≠as
19,J√° assisti um milh√£o de vezes. √â √≥timo!,61,hace 3 d√≠as
20,"No matter how much time passes, this song will still sound just as good as the first time you heard it.    .",208,hace 6 d√≠as (editado)
21,Nice song,4,hace 1 d√≠a
22,"2017: People Come to hear this song
2019: People Come to see the views",32 k,hace 3 a√±os
23,"Esta canci√≥n nunca pasa de moda. No importa cu√°nto lo escucho, nunca me aburro",120,hace 9 d√≠as
24,6 Years and this song never gets old.It's just a wonderful masterpiece..,175,hace 7 d√≠as
25,eu amo essa m√∫sica eu amava e ainda amo essa m√∫sica √© a melhor m√∫sica j√° ouvidaaaaaaaaaaa,39,hace 3 d√≠as
26,Ya 6 a√±os y sigo escuchando esta m√∫sica nunca pasa de moda,79,hace 6 d√≠as
27,Beautiful song ,2,hace 6 horas
28,Who just came to check the views?,373 k,hace 4 a√±os
29,"Although this masterpiece is 6 years old, I will never tire of listening to it",2,hace 4 horas
30,This song never gets old ,37,hace 4 d√≠as
31,est√° cancion nunca morira,3,hace 1 d√≠a
32,"Hinoooo! 8,4 Bilh√µes de views. Inalcanzable Ô∏è perfecto.",51,hace 6 d√≠as
33,"Estoy aqui por nostalgia
Todavia me acuerdo como si hubiese sido ayer y se los juro que daria lo que fuera para revivir estos tiempos",19,hace 3 d√≠as
34,"TEACHER: What is the world population 
 
STUDENT: around one despacito",5.7 K,hace 2 a√±os
35,Essa m√∫sica √© muito boa ,35,hace 7 d√≠as
36,Ouvindo essa obra de arte em 02/08/2023.... Viva o Brazil üáßüá∑.,93,hace 9 d√≠as
37,En que momento han pasado 6 a√±os desde cuando sali√≥ esta canci√≥n WOW!,1,hace 2 horas
38,This never gets old. 2023 and it's still an absolute banger.,4,hace 4 d√≠as
39,Me acuerdo cuando los comentarios eran comentarios y no calendarios.,231,hace 2 a√±os
40,"The memories are flooding back like crazy. I remember when this was all over the radio, it is crazy how time flies. 2017.",1,hace 4 d√≠as
41,Muito boa,6,hace 1 d√≠a
42,The most beautiful song of all time ,1,hace 1 d√≠a
43,A√±o 2023... Extra√±o esos a√±os de oro cuando bailaba despacito en just dance,30,hace 4 d√≠as
44,6 years later and I am still reminded why this song is such a GREAT hit!It is upsetting knowing that my very own children are growing up in a year where this song is unfamiliar!I will do what it takes to make sure my children are cultured on the old jams of 2017!! ,27,hace 10 d√≠as (editado)
45,O Brasil nunca esquece essa m√∫sica üáßüá∑üáßüá∑üáßüá∑,77,hace 10 d√≠as
46,"Despacito will never stop playing 
Masterpiece 
Always be a part of History ",1,hace 8 horas
47,Cada que la escucho me recuerda a mi adolescencia ,,hace 5 d√≠as
48,"This song will never get old, even my mother loves it. So fantastic",19,hace 3 d√≠as
49,See you guys when this gets recommended 8 years later,1.6 K,hace 3 a√±os
50,"This is August 2023 and this most watched video song continues its powerful progress in popularity charts. The lyrics are sensual, sensational and spectacular. The singing is soulful, spellbinding, scintillating, simmering, superb and sweet. ",20,hace 10 d√≠as
51,2023 y sigue este canci√≥n genial y extraordinario ,,hace 5 d√≠as
52,A melhor m√∫sica  S,,hace 1 hora
53,muito bom!,3,hace 3 d√≠as
54,This song has good instrumentals and nice rythmm and a nice beat,1,hace 2 d√≠as
55,Everybody gangsta' until this has more views than the population of the earth.,1 K,hace 3 a√±os
56,Dejo mi comentario ac√° para que cuando alguien se le ocurra dejar un me gusta me llegue una notificaci√≥n y me recuerde que tengo que volver a escuchar esta cancion ,8,hace 4 d√≠as
57,Belle chanson. Toujours cool √† √©couter apr√®s 6ans,1,hace 14 horas
58,ÿßŸÑŸÜÿßÿ≥ ÿßŸÑŸÑŸä ŸÑÿ≥Ÿá ÿ®ÿ™ÿ≥ŸÖÿπ ÿßŸÑÿ™ÿ≠ŸÅÿ© ÿØŸä ŸÅ 2023 ,5,hace 6 horas (editado)
59,"Hermano, esto es simplemente impresionante.  aunque han pasado 7 a√±os",4,hace 8 horas
60,Nunca va a pasar de moda esta cancion,,hace 22 horas
61,"Internet connected households on earth: 5 Billion
Despacito: 6.9 billion views",860,hace 3 a√±os
62,My favourite song Ô∏è,3,hace 2 d√≠as
63,And 6 years later I still LOVE hearing this song...makes me feel good.,16,hace 8 d√≠as
64,Esta cancion es genial !!!,,hace 1 d√≠a
65,7/08/23/ sigo recordando esta canci√≥n ,,hace 4 d√≠as
66,2023 y aun la escucho ,1,hace 3 d√≠as
67,The reason this keeps getting views is just people looking to see how much views this has,117,hace 3 a√±os
68,6 years later  It's still a masterpiece ,11,hace 6 d√≠as
69,"Played it at 4 am on full volume, my neighbours liked it so much that they thrown stone at my window to hear it clearly ",17,hace 10 d√≠as (editado)
70,Yeah! Que M√∫sica Boa! =D AMo! <3 =D,11,hace 9 d√≠as
71,It's still my favorite after 6 years,1,hace 16 horas
72,I know that 99% of people will ignore this comment but to the 1% reading this may you and youre family have a good day! Ô∏è,272,hace 3 a√±os
73,6 a√±os y sigue siendo la mejor cancion,7,hace 4 d√≠as
74,Never gets old ,7,hace 6 d√≠as
75,This song is the best example that for a good content language isn't a barrier ,1,hace 3 horas
76,"It's an old song, but what a novelty it is   to hear it even today... I don't know language but just listening  ",1,hace 8 d√≠as
77,Blockbuster song,1,hace 3 d√≠as
78,Today in 2019 this song is on no 1 chart buster in our country  love from merucheque,2,hace 1 d√≠a
79,"2017 : Peoples  comes to Listen the song.
2019 : People‚Äôs Comes To See The Views.",1.4 K,hace 3 a√±os
80,esta cancion nunca muera,1,hace 2 d√≠as
81,Don't let this song die ,1,hace 7 d√≠as
82,"World's population : 7b+
Despacito's views : 6.4 b ?? Seriously",183,hace 3 a√±os
83,6 a√±os de esta joyita,1,hace 5 d√≠as
84,Que m√∫sica linda üáßüá∑,10,hace 8 d√≠as
85,I love listening to this beautiful song too much Despacito Ô∏è,2,hace 1 d√≠a
86,He deserve 8.2 billion views,1,hace 7 d√≠as
87,Never get tired of listening,,hace 3 d√≠as
88,Just checking the on people who really like the song. Versus the people just coming to see how many views this video has.,148,hace 2 a√±os
89,–ó–æ–ª–æ—Ç–æ–µ –±—ã–ª–æ –≤—Ä–µ–º—è ,,hace 6 d√≠as
90,Get your ‚ÄúBefore 9 Billion‚Äù ticket here.,10 k,hace 2 a√±os (editado)
91,Tempo que n√£o volta mais ,30,hace 9 d√≠as
92,Super  Muzika  From Uzbekistan.üá∫üáø,2,hace 1 d√≠a
93,A MASTERPIECE FOREVER ,1,hace 6 d√≠as
94,Its been 6 years since released and its still lit. Whoever is still listening to the currently is a legends.,1,hace 1 d√≠a
95,"When ,I showed her this song she told me ,,I LUV U TOO,,,THEN I was like eee DESPACITOOO",176,hace 4 a√±os
96,its been 6 year but this song is still a banger,4,hace 9 d√≠as
97,"Mais de 8 BILH√ïES de visualiza√ß√µes, t√¥ passada!!!! '_' t√¥ aqui revendo esse sucesso!!! Ô∏è",13,hace 9 d√≠as
98,"Time has passed since this video, but it never gets old",,hace 2 d√≠as
99,ŸàÿßŸà ÿßŸÑÿßÿ∫ŸÜŸäŸá ÿ™ÿ¨ŸÜŸÜ  ÿßŸÑŸÅ ÿ™ÿ≠ŸäŸá üáßüá∑,2,hace 8 d√≠as
100,El tiempo pasa y esto se vuelve mas dulce,,hace 19 horas
101,"Have you ever looked at the comments and thought...
""Damn, I wish I thought of that first""",187,hace 3 a√±os
102,Q hino mano,35,hace 9 d√≠as (editado)
103,"Music suara disertakan gerakan semua nya paling top, sukses terus untuk karya selanjut nya.

Greasting from wes't papua üáµüá¨",2,hace 4 d√≠as
104,Ô∏èÔ∏èÔ∏è,1,hace 5 horas
105,Amo esta m√∫sica!!!,22,hace 7 d√≠as
106,I haven‚Äôt heard this sound in 5 years still know it word from word,1,hace 3 d√≠as
107,"Chill the whole world hasn't viewed the song yet, idiots like me watched on repeat  And i'm here still !",150,hace 2 a√±os
108,"La canci√≥n m√°s famosa del 2017, sin duda extra√±o ese a√±o y esta canci√≥n si que fue un hit durante ese a√±o",4,hace 10 d√≠as
109,Me encanta la canci√≥n Ô∏è,17,hace 10 d√≠as
110,This song is immortal,1,hace 2 minutos
111,Igual de vacana!,1,hace 5 d√≠as
112,–û–±–æ–∂–∞—é —ç—Ç—É –ø–µ—Å–Ω—é –ø–æ–º–Ω—é –∫–æ–≥–¥–∞ –æ–Ω–∞ –≤—ã—à–ª–∞ –º–Ω–µ –±—ã–ª–æ 14 –∞ —â–∞—Å 20 –Ω–∞—Å—Ç–∞–ª—å–≥–∏—è –ø–∏–ø–µ—Ü,,hace 1 d√≠a
113,Cuantas veces escucharon esta canci√≥n el d√≠a de hoy ? Ayuden al str3am,164,hace 2 a√±os
114,Old Vibes Ô∏è,4,hace 9 d√≠as
115,Why this song not getting old every time I listen to this I fell the same way I felt first time ,,hace 8 d√≠as
116,never get old,1,hace 7 d√≠as
117,Wow ,1,hace 1 d√≠a
118,the views would soon be equal to the whole damn population of the planet wowwowow,255,hace 4 a√±os
119,6 years & still a best music ,5,hace 11 d√≠as
120,"This song takes me back to those times, it has certain something that can't be put into words",1,hace 6 d√≠as
121,A song which can never fade in a lifetime,,hace 2 d√≠as
122,Alguien escuchando este temazo en 2024!!!Ô∏è,4,hace 5 d√≠as
123,"It has been 6 years, this song is still a legend",,hace 3 d√≠as
124,"Nobody:

Luis Fonsi: ‚ÄúIf I had a dollar for ever view I got on this video man I would be rich‚Äù",190,hace 3 a√±os (editado)
125,Me encanta la canci√≥n en espa√±ol Ô∏è,2,hace 4 d√≠as
126,A masterpiece which will never end,1,hace 8 d√≠as
127,Amazing,3,hace 3 d√≠as
128,Es sorprendente que cada d√≠a esta canci√≥n sube 1M de vistas. Esta canci√≥n siempre y ser√° un tem√≥n!!!!!!!,3,hace 7 d√≠as
129,I love this song,,hace 2 d√≠as
130,"2017: People came to listen song
2021: People Came to check views 
2022: People came to check if any video has more views than Despactio ",237,hace 1 a√±o
131,This song hits different even after 6 years,2,hace 4 d√≠as (editado)
132,Masterpiece song ,,hace 6 d√≠as
133,Loved to have this song during my peak days ,2,hace 3 horas
134,gracias amo tu cancion,2,hace 10 d√≠as
135,"Me encanta como hay m√°s comentarios en otros idiomas como ingles, portugues m√°s que en espa√±ol, lo internacional que se esta rola...",,hace 3 d√≠as
136,"Spanish song...
Japanese Captions: exist
English people: ",485,hace 3 a√±os
137,"Empec√© a ver el Video en 2017 y aqui sigo en 2023, disfrutando de la magia de DESPACITO...",3,hace 7 d√≠as
138,2017-2023 is still a masterpiece,1,hace 11 d√≠as
139,totally a masterpiece,,hace 3 d√≠as
140,7th of August and this is still a banger,2,hace 4 d√≠as
141,Remembering this masterpiece today 09/08/23 after a long time,,hace 2 d√≠as
142,When you want to know the earths population just look for this song.,171,hace 3 a√±os (editado)
143,Amo esta canci√≥n la escucho desde chiquita ,10,hace 6 d√≠as
144,Es que lo veo y sigo sin creerlo es un rolononon y el m√°s visto...,,hace 6 d√≠as
145,The Best ,1,hace 2 d√≠as
146,"2023 –≤—Å–µ –µ—â–µ –∫–ª–∞—Å—Å–Ω–∞—è –ø–µ—Å–Ω—è , —ç—Ö –±—ã–ª–∏ –≤—Ä–µ–º–µ–Ω–∞ ",,hace 5 d√≠as
147,hermoso sonido,,hace 1 d√≠a
148,"World population is still higher than despacito views. 
Coronavirus: hold my beer",703,hace 3 a√±os (editado)
149,It‚Äôs kinda crazy this was the #1 song in 2017 and now it‚Äôs like almost completely forgotten. 2017 sure did have some bangers.,,hace 10 d√≠as
150,2017 eran las mejores √©pocas y no nos d√°bamos cuenta,11,hace 9 d√≠as
151,me encanta la cancion,,hace 22 horas
152,I REMEMBER WHEN THIS SONG WAS POPULAR in it still POPULAR ,4,hace 9 d√≠as
153,Loved it,2,hace 4 d√≠as
154,a L e X a  P l A y  D e S p A c I t O,154,hace 4 a√±os
155,"This is crazy.Years later, it still sounds like a song released todayÔ∏èÔ∏è",17,hace 10 d√≠as
156,What a song Love from Sri Lanka...,1,hace 5 d√≠as
157,"After 2017, still favourite song ever.When i watch first time in Youtube this song views was 550 Million & now...where you go 'Despasito'",2,hace 3 d√≠as
158,Salute to sir louis fonsi for most views and for masterpiece,1,hace 10 d√≠as
159,Super ,,hace 2 d√≠as
160,"Teacher: What is population of earth?
Me: Around one despacito..xd",280,hace 2 a√±os
161,Masterpiece song,,hace 7 d√≠as
162,Even if I can't understand the words this song is a banger,1,hace 8 d√≠as
163,This song is still a Legend,,hace 2 d√≠as
164,"Played it at 4am on full volume, my neighbours liked it so much that they threw stones at my windows to hear it clearly.",1,hace 5 d√≠as
165,"2017: Wonderful song
2023: National Anthem of the Universe",3,hace 1 d√≠a
166,"2017: Listen only to the song

2020: Check the Views",124,hace 3 a√±os
167,childhood vibes Ô∏è,3,hace 7 d√≠as
168,Melhor m√∫sica at√© agora ,6,hace 6 d√≠as
169,Los latinoamericanos teniendo la cancion mas famosa sel mundo ,1,hace 2 d√≠as
170,Awesome ,1,hace 6 d√≠as
171,luis fonsi mereces un the best de la musica si existe claro,,hace 2 d√≠as
172,"Me: start watching Despacito.
Ads: it's show time.",113,hace 2 a√±os
173,"I love this song
from üá∏üá¥",2,hace 11 d√≠as
174,G.O.A.T song of all time ,4,hace 7 d√≠as
175,Incre√≠ble,2,hace 2 d√≠as
176,I still come to watch this its a masterpiece,1,hace 8 d√≠as
177,,2,hace 1 d√≠a
178,Imagine how much money they Would have made from one add,149,hace 3 a√±os (editado)
179,Som brabo de mas,4,hace 4 d√≠as
180,3 de agosto de 2023 y no supero esta canci√≥n  51M de me gusta,16,hace 7 d√≠as
181,"I can't understand anything, but the vibe of this song was just awesome ",1,hace 8 d√≠as
182,,2,hace 1 d√≠a
183,"2018 : Pewdiepie vs T-Series
2021 : Earth population vs Despacito Views",4.7 K,hace 3 a√±os (editado)
184,I LOVE THIS SONG ,4,hace 9 d√≠as
185,"Esta canci√≥n es como el vino a√±ejo. Cuanto m√°s envejece, mejor se pone. Verdaderamente una obra maestra atemporal de Fonsi. Enamorado de cada latido.",3,hace 6 d√≠as
186,Still # 1 after 6 years ,6,hace 11 d√≠as
187,Saya tidak pernah menghitung berapa banyak lagu ini saya putar. Masih terbaik sampai 2023.,2,hace 2 d√≠as
188,"The fact that almost people watch this already is so crazy


Proof that memories last forever..",1,hace 11 d√≠as
189,Love from indiaüáÆüá≥,3,hace 1 d√≠a
190,"cancion en espa√±ol
Comentarios: en Ingl√©s ._.",334,hace 3 a√±os
191,Alg√∫n presente apreciando esta obra ?,3,hace 7 d√≠as
192,This legendary song ruled the world for a decade.,1,hace 7 d√≠as
193,I still love this song,1,hace 3 d√≠as (editado)
194,Esta canci√≥n nunca va a pasar de moda ,7,hace 2 d√≠as
195,its been 6 years and this song is still fire ,1,hace 3 d√≠as
196,Esta canci√≥n nunca va a pasar de moda ,16,hace 10 d√≠as
197,Masterpiece song,1,hace 8 d√≠as
198,2023 still listen as good as the first day,3,hace 7 horas
199,I cant believe it‚Äôs been 6 years. Ultimate nostalgia,,hace 4 d√≠as
200,Que buen tema,1,hace 3 d√≠as
201,may be we will hit 3 million comments this year,301,hace 4 a√±os
202,I love this song from üá∫üá∏,1,hace 9 d√≠as
203,8.230 millones de vista esta el mundo entero en una sola canci√≥n es una locura,1,hace 6 d√≠as
204,Amazing song,,hace 12 horas
205,2 years passed.... This song is still in my playlist ,2,hace 7 d√≠as
206,Who's here before six billion ,217,hace 4 a√±os
207,"I'm indianüáÆüá≥üáÆüá≥ and very love  this song 
After listening to the song I'm very happy and the feeling is better",41,hace 11 d√≠as
208,ËøôÈ¶ñÊ≠åÁúüÁöÑÁôæÂê¨‰∏çÂéå,4,hace 10 d√≠as
209,Exelente tema,,hace 2 d√≠as
210,Best song of the generation ,,hace 6 d√≠as
211,"Top song, I'll never forgetComment from Russiaüá∑üá∫üá∑üá∏üáßüáæ",1,hace 3 d√≠as
212,Who else came here just to see how many views this has ,404,hace 3 a√±os
213,2023 and still listening to this masterpiece,1,hace 4 d√≠as
214,It's 2023 and im still listening to this. What a masterpiece,1,hace 7 d√≠as
215,Mi canci√≥n favorita es hermosa,,hace 16 horas
216,"I don‚Äôt understand much of the Spanish, but I still love this song.  The beat is fantastic and Fonsi  is smoking hot ",1,hace 10 d√≠as (editado)
217,8.2 billion means More than the total population of the world has watched this music video,4,hace 19 horas
218,Welcome to the most viewed video on YouTube,370,hace 4 a√±os
219,It‚Äôs been 6 yrs and this song never gets old,4,hace 5 d√≠as
220,Even know it‚Äôs not that English I still really enjoy this song,2,hace 11 d√≠as
221,Damn man I know all the lyrics and flow after 3 yrs also,4,hace 4 d√≠as
222,‰∏çÁü•ÈÅìÂî±ÁöÑÊòØ‰ªÄÈ∫ºÔºå‰ΩÜÊòØÊóãÂæãÂ§™Â•Ω‰∫ÜÔºåË™ûË®Ä‰∏çÈÄö‰πüÈòªÁ§ô‰∏ç‰∫ÜÊàëÈùûÂ∏∏ÂñúÊ≠°ÈÄôÈ¶ñÊ≠å„ÄÇÂ§ßÊ¶ÇÈÄôÂ∞±ÊòØÊ≠åÊõ≤ÁöÑÈ≠ÖÂäõÂêß,2,hace 10 d√≠as
223,,1,hace 3 d√≠as
224,This comment section brings the world together in a safe way,141,hace 2 a√±os
225,04/08/2023 eu aqui de novo Ô∏è,1,hace 6 d√≠as
226,I love this song love from India ,,hace 6 d√≠as
227,"This actually deserves to be the most viewed video on YouTube, unlike SOME videos...",1,hace 2 d√≠as
228,I knew when this hit were everywhere that was just a great time,,hace 9 d√≠as
229,Gooooooood,2,hace 3 d√≠as
230,"Let's see how many people come here everday before 7,1B views.",134,hace 2 a√±os
231,"Daddy Yankee and Luis Fonsi, this is a classic, I don't care if your Spanish is good, this is a beautiful song!",2,hace 11 d√≠as
232,"Esssa m√∫sica tem cara de ser trilha sonora de velezes e furiosos...

üáßüá∑üáßüá∑üáßüá∑üáßüá∑üáßüá∑üáßüá∑üáßüá∑üáßüá∑üáßüá∑üáßüá∑üáßüá∑",4,hace 9 d√≠as (editado)
233,"Let‚Äôs be honest, this song is still legendary...",1,hace 3 d√≠as
234,Me encanta esta cancion,14,hace 10 d√≠as
235,"6 a√±os de este tema y sigue en top 1 del mundo... de locos.
6 years of this song and it's still in the top 1 in the world... crazy.
6 ans de cette chanson et elle est toujours dans le top 1 mondial... fou.
6 anos dessa m√∫sica e continua no top 1 do mundo... uma loucura.",,hace 19 horas
236,Who else is here in 2020 just to check the views?,133,hace 3 a√±os
237,Gostei  dessa  m√∫sica....,2,hace 6 d√≠as
238,"8,2 bilh√µes de visualiza√ß√µes estou assistindo em 04/08/2023 top top de mais ",14,hace 7 d√≠as
239,Awesome ,,hace 3 d√≠as
240,VERY NICE SONG,14,hace 10 d√≠as
241,I don't understand it..But really liked it ,1,hace 2 d√≠as
242,"Achinga, cuando apenas salio, solo habia comentarios en espa√±ol xdd",169,hace 2 a√±os
243,¬øPor qu√© esta canci√≥n es tan adictiva? ,,hace 6 d√≠as
244,4 more years later this gonna be a decade old Damn. The feeling listening in 2017 was great.,1,hace 11 d√≠as
245,¬°Acabo de descubrir que este video es el video con m√°s me gusta en YouTube!,,hace 1 d√≠a
246,Quien sige escuchando esta joyita en este 2023 ,,hace 6 d√≠as
247,Nostalgia ,,hace 3 d√≠as
248,This video was posted 3 years ago yet basically a comment comes in every minute.,413,hace 3 a√±os
249,Personne peux d√©mod√© cette musique ,1,hace 8 d√≠as
250,Despacitoooooo eu to viciaaaaadoooooo,6,hace 7 d√≠as
251,M√°s m√∫sica como esta,,hace 3 d√≠as
252,Hit jam,,hace 10 d√≠as
253,I can‚Äôt speak Spanish but this song I love it ,1,hace 1 d√≠a
254,soy ese comentario en espa√±ol que estabas buscando,376,hace 3 a√±os
255,daddy yankee always hits,1,hace 7 d√≠as
256,"NOPE...you are not alone watching this masterpiece in August 2023..

TO BE HONEST I NEVER GET TIRED OF LISTENING THIS MASTERPIECE.",,hace 9 d√≠as
257,,1,hace 1 d√≠a
258,Jest to bardzo dobry stan teledyskuÔ∏èÔ∏è,1,hace 7 d√≠as (editado)
259,Por aqu√≠ haciendo mi revisada anual a ver cuantas reproducciones lleva ,1,hace 3 d√≠as
260,Year 2024: Has 9.3 billion views!                                  Google: TF,300,hace 3 a√±os
261,"–Ø –∏–∑ –†–æ—Å—Å–∏–∏ –≤—Å–µ–º –ø—Ä–∏–≤–µ—Ç –º—É–∑—ã–∫–∞ –∫–∞–π—Ñ, —Å–ª—É—à–∞–ª 3 –≥–æ–¥–∞ –Ω–∞–∑–∞–¥ –∏ —à–∞—Å —Ç–æ–∂ —Å–ª—É—à–∞—é",,hace 9 d√≠as
262,I will never stop listening to this song,3,hace 11 d√≠as
263,"I was the 700k viwer after this Masterpiece reliesed, i never thought this is going to blow up like thisü•π",2,hace 1 d√≠a (editado)
264,Antes en 2017 la gente ven√≠a a escuchar la canci√≥n y ahora en 2023 la gente viene a ver las visitas ,7,hace 8 d√≠as
265,Ô∏è‚Äç,3,hace 2 d√≠as
266,[SE VOC√ä ACHOU MEU COMENT√ÅRIO SE CONSIDERE SORTUDO PORQUE A MILH√ïES DE COMENT√ÅRIOS AQUI],329,hace 2 a√±os
267,Like si tu tambien te trasladas a ese momento en 2017 donde esta musica fue parte de tu dia,17,hace 7 d√≠as
268,Esta es la mejor m√∫sica llevo 4 a√±os escuchando esta joya de oro,15,hace 6 d√≠as
269,Ô∏èÔ∏èÔ∏èÔ∏èÔ∏èÔ∏èÔ∏èÔ∏èÔ∏è,,hace 10 horas
270,One of the legendary music,,hace 8 d√≠as
271,J'adore cette musique,1,hace 1 d√≠a
272,This vid has more views than people that have access to internet ,405,hace 4 a√±os (editado)
273,,1,hace 4 d√≠as
274,"Still watching in 2023 
This song is timeless ",1,hace 4 d√≠as
275,Legendary song(–ª–µ–≥–µ–Ω–¥–∞—Ä–Ω–∞—è –ø–µ—Å–Ω—è:)),,hace 4 d√≠as
276,la mejor de todas,,hace 9 d√≠as
277,Best for ever Ô∏èÔ∏èÔ∏è,,hace 1 d√≠a
278,I will come back to this comment after the views hit the world population.,531,hace 2 a√±os
279,Sin escucharla pero me la aprend√≠,1,hace 9 d√≠as
280,love this song,,hace 5 d√≠as
281,,,hace 2 d√≠as
282,"S√≠, sabes que ya llevo un rato mir√°ndote
Tengo que bailar contigo hoy (DY)
Vi que tu mirada ya estaba llam√°ndome
Mu√©strame el camino que yo voy",1,hace 9 d√≠as
283,My favourite singer is ..  (santvani Trivedi) ‡•§  Her voice is so charming.. if   you want to hear her voice search her name on YouTube Ô∏è,,hace 3 d√≠as
284,I swear everybody wanna get a million of likes.,126,hace 3 a√±os (editado)
285,"—É–∂–µ 2023 –≥–æ–¥, –∞ —è –≤—Å–µ —Å–ª—É—à–∞—é —ç—Ç–æ—Ç —à–µ–¥–µ–≤—Ä. ü•π",2,hace 11 d√≠as
286,todav√≠a amo esta canci√≥n,2,hace 9 d√≠as
287,All time favourite..... Love from Bangladesh Ô∏èÔ∏èÔ∏è,,hace 2 horas
288,2023 y todavia escuchando este temazo,2,hace 9 d√≠as
289,This song with never get boring,,hace 7 horas
290,"Roses are red
Violets are blue
You only came here to see if the views grew",226,hace 4 a√±os (editado)
291,Que buena rola,1,hace 6 d√≠as
292,Addicted..,,hace 6 d√≠as
293,Esto es una joya  quien en el 2023,1,hace 1 d√≠a
294,Amazing song! God I miss 2017!,,hace 5 d√≠as
295,I've heard this song since I was little and now I just realized that there are billions of people who watch it,1,hace 1 d√≠a
296,"Teacher: whats the populations of the world

Me: uno despacito",263,hace 2 a√±os (editado)
297,"The time when this song came out was summer of my life, miss that time ;-;",1,hace 5 d√≠as
298,"The best song in the world, love from Kyrgyzstan",,hace 6 d√≠as
299,Old days memories starting bring back ... whenever I hear this song,,hace 2 d√≠as
300,Me se la cancion desde los 20k Ô∏è,1,hace 7 d√≠as
301,"When I was young, I enjoyed the song and beat without care, but now that I got older these lyrics and the video are just crazy bruh ",,hace 2 d√≠as
302,"All of us here for checking the number of views, giving it more views, and my head already hurts because I spent 49 minutes on this video and I think Im failing math kthx.",140,hace 4 a√±os
303,This video has been viewed more times than there are humans on Earth. That's honestly impressive.,1,hace 9 d√≠as
304,I listen this song from one year ,1,hace 6 d√≠as
305,"What a amazing song
Forget the views you yourself must have heard this song a million times!!!",,hace 1 d√≠a
306,–ü—Ä–µ–∫—Ä–∞—Å–Ω–∞—è –ø–µ—Å–Ω—è. –û—á–µ–Ω—å –∫—Ä–∞—Å–∏–≤—ã–µ –ª—é–¥–∏.,,hace 4 d√≠as
307,Always on top ,,hace 1 d√≠a
308,"La gente  sigue entrando en noviembre de 2018 :v
Solo vine a mirar las visitas",178,hace 4 a√±os
309,Encore un magnifique musique,1,hace 8 d√≠as
310,Just amazing ,,hace 9 d√≠as
311,"musica en espa√±ol existe 
El 90% de los gringos en los comentarios: omg this is so good bro",,hace 1 d√≠a
312,Alguien que en pleno 2023 siga escuchando esta joyita,2,hace 7 d√≠as
313,Alguien en 2024 escuchando este temazo. Dejen su like <3,3,hace 1 d√≠a
314,R.I.P Gangnam Style,258,hace 4 a√±os
315,Que viva puerto rico  mejor ritmo.,11,hace 6 d√≠as
316,que hermosa esa canci√≥n,2,hace 7 d√≠as
317,This is now the new National Anthem of Puerto Rico üáµüá∑,1,hace 3 d√≠as
318,the fact this song has more views then people is insane,2,hace 6 d√≠as
319,SuperÔ∏è,,hace 3 d√≠as
320,Imagine being able to say ‚ÄúI made a video that has the amount of views as the human population‚Äù,113,hace 2 a√±os (editado)
321,ya son 6 a√±os ,3,hace 10 d√≠as
322,Esta musica si que trae buenos recuerdos,30,hace 7 d√≠as
323,,,hace 1 d√≠a
324,Digan lo que quieran pero Despacito nunca pasar√° de moda. En su momento la rompi√≥ y lo seguir√° haciendo.,,hace 6 d√≠as
325,I really like this song,,hace 9 horas
326,The views are going up just because of the people who came to check theme ,327,hace 3 a√±os
327,Love  THIS song from Bangladesh üáßüá©üáßüá©üáßüá©,1,hace 11 d√≠as
328,q nostalgia pqp,,hace 9 d√≠as
329,I didn‚Äôt understand its lyrics but from 2017 till 2023 i still listen this song ü•π,,hace 1 hora
330,Luis Fonsi X  Daddy Yankee  took this song to next level,,hace 9 d√≠as
331,"it‚Äôs 2023, and it‚Äôs still has same vibe ü´∞",1,hace 2 d√≠as
332,"MUSIC = 99%SPANISH 1%ENGLISH

COMMENT = 1%SPANISH 99%ENGLISH",648,hace 3 a√±os (editado)
333,"2023, je suis encore l√† . Cette chanson est un √©norme tube ",,hace 6 d√≠as (editado)
334,Song is beautiful.Great!,,hace 9 d√≠as
335,Linda  musica,1,hace 2 d√≠as
336,"I'm from IndonesiaüáÆüá© I even knew this song a long time ago, but I don't know the origin of this song, but this is the first time I watched the MV, I was even more surprised when I saw the viewers",1,hace 10 d√≠as
337,,,hace 2 d√≠as
338,"2017: Listen to the song
2018: Check the veiws
2019: Check the veiws
2020: Check the veiws again",388,hace 2 a√±os
339,Things brings back so many memories of my childhood I luv this since I was in elementary even though I don't a word of Spanish lol,,hace 7 d√≠as
340,"Life was simple back when this song came out, 2017-2018 was peak of YouTube",,hace 6 d√≠as
341,Amor desde la India Ô∏è,,hace 3 d√≠as
342,"cool song! By the way, I'm from in Russia üá∑üá∫",2,hace 9 d√≠as (editado)
343,,,hace 3 d√≠as
344,"I'm just here to check the current population of the world.

I said ""current"", not ""future"" population. If that's what I want I would go to Baby Shark.",5.7 K,hace 2 a√±os (editado)
345,Cette chanson est une masterclass ,,hace 10 d√≠as
346,The sudden urge to come back to this song 5 years later in 2023,2,hace 4 d√≠as
347,*The views and the likes say that language doesnt matter for a song you only  need to enjoy the feeling of the song in the soul *,1,hace 6 d√≠as (editado)
348,Love from INDIAüáÆüá≥ ,2,hace 3 d√≠as
349,"Who else just comes to check the views?! 
    Just me okay....",680,hace 3 a√±os
350,I love this song ,,hace 10 d√≠as
351,"Buena cancione que habla de amor, bueno ",,hace 8 d√≠as
352,Ya mero llega al mill√≥n,,hace 1 d√≠a
353,≈ûarkƒ± d√ºnyaca rekor kƒ±rmƒ±≈ü harika,1,hace 7 d√≠as
354,"el video mas visto de YouTube 
 Daddy Yankee y Luis Fonsi 
ese es el √©xito de un cantante si quieres ser cantante no lo dudes llegaras a tu meta muy pronto gracias",1,hace 3 d√≠as
355,That‚Äôs more than half the population of people on this planet,294,hace 3 a√±os
356,Saudades de 2017,,hace 8 d√≠as
357,Views will passed world population..unstoppable songÔ∏è‚Äç,2,hace 6 d√≠as
358,–í–∞—É –∫–ª–∞—Å—Å–Ω–æ –∞–æ–∞–æ,1,hace 1 d√≠a
359,Est√° joya no para de sonar y eacucharla en 2023 es un Himno inmortal,14,hace 9 d√≠as
360,,,hace 2 d√≠as
361,if i ever forget how many people are on this planet im coming here...,214,hace 3 a√±os
362,Daddy Yankee is fuego of RNB  the best singer forever ,,hace 8 d√≠as
363,Salud al pueblo espa√±ol üá™üá∏,1,hace 5 d√≠as
364,,,hace 3 d√≠as
365,Vale pero la suerte de que ma√±ana lo voy a escuchar en persona es AAAA,,hace 7 d√≠as
366,Esta cocion nunca va a pasar de moda,2,hace 2 horas
367,I‚Äôm surprised that there‚Äôs no ‚ÄúWho‚Äôs watching during quarantine?‚Äù comments.,1.1 K,hace 3 a√±os
368,ÿ™ÿ¨ŸÜŸÜŸÜŸÜ ÿ®ÿ¥ŸÉŸÑ ŸÖÿ¥ ÿ∑ÿ®ŸäÿπŸä ,2,hace 6 d√≠as
369,2023 s√≥ porque marcou,,hace 7 d√≠as
370,Top de mais Algu√©m em 2023 escutando esta m√∫sica    Top ,8,hace 4 d√≠as
371,This song is heart beat BOOM,1,hace 11 d√≠as
372,"–õ–µ–≥–µ–Ω–¥–∞, –∑–∞—Ö–æ–∂—É —á—Ç–æ–±—ã –≤—Å–ø–æ–º–Ω–∏—Ç—å —ç—Ç–æ –±–µ–∑–∑–∞–±–æ—Ç–Ω–æ–µ –≤—Ä–µ–º—è (",,hace 3 d√≠as
373,"World population 7.5 billion 
Despacito 6.3 billion",195,hace 4 a√±os
374,"–≠—Ç—É –ø–µ—Å–Ω—é –ø–æ—Å–ª—É—à–∞–ª–∏, –≤—Å—ë –Ω–∞—Å–µ–ª–µ–Ω–∏–µ –∑–µ–º–ª–∏!!! ",1,hace 5 d√≠as
375,Bellissima cancona Ô∏è,2,hace 7 d√≠as
376,,,hace 1 d√≠a
377,Un d√≠a nuestra m√∫sica Punjabi tambi√©n llegar√° a este sello. Im punjabi and don't know the lyrics still enjoying with song vibe,2,hace 8 d√≠as
378,"Yo cre√≠ que era m√°s vieja,recuerdo cuando a mi hermana le gustaba,parec√≠a 2016 pero es de 2017",1,hace 22 horas
379,"–ï—Å–ª–∏ —Ä—É—Å—Å–∫–∏–π —á–µ–ª–æ–≤–µ–∫ –æ—Ç–º–µ—á–∞–π—Å—è) 
–ü–æ—Å–º–æ—Ç—Ä–∏–º —Å–∫–æ–ª—å–∫–æ –Ω–∞—Å",117,hace 3 a√±os (editado)
380,"Si est√© comentario llega a 1k de likes , quiere decir que est√° caci√≥n nunca pasar√° de moda",43,hace 9 d√≠as
381,I have listened to this song 1000+ times ,,hace 4 d√≠as
382,Mui hermosa musica  cracias,,hace 2 d√≠as
383,Best collab of century ,1,hace 10 d√≠as
384,"Gy√∂ny√∂r≈±, im√°dlak benneteket!",,hace 3 d√≠as
385,"I don't know Spanish a bit
Meanwhile I m fuckin bad at English
Yet I m here",849,hace 2 a√±os (editado)
386,Totally crazy song,,hace 7 d√≠as
387,–•–æ—Ä–æ—à–∏–π –º—É–∑—ã–∫–∞ UZ ,1,hace 7 d√≠as
388,"The song of life, listen to me, when I listen to it, I calm down immediately and I see this world in colorful colors, it is really worth going forward, believe me. I've been on YouTube for a few years, and in 2019. I created an account and I know how it feels like to feel a real hit.",,hace 3 d√≠as
389,¬°Este video es perpetuamente famoso!,1,hace 6 d√≠as (editado)
390,amazing,,hace 2 d√≠as
391,I just came to see how many likes it got lol.Also if you find my comment your actually awesome,132,hace 3 a√±os
392,Legend still come to listen this masterpiece ,,hace 5 d√≠as
393,I don't understand a word they're saying...... But I love it ,,hace 5 d√≠as
394,Miasta Krakowa w Polsce jest na stronie g≈Ç√≥wnej ,,hace 3 d√≠as
395,–ù–∞—Å—Ç–æ—è—â–∏–π –±–∞—Å ,1,hace 6 d√≠as
396,i love the music,,hace 2 d√≠as
397,Who‚Äôs here before this video reaches the population of the earth,270,hace 3 a√±os
398,The song has the more view than population of world  .. it shows how good this song is ,,hace 8 d√≠as
399,Îã§Ïãú Îì§Ïñ¥ÎèÑ Ï¢ãÏïÑ~,,hace 8 d√≠as
400,"28/07/2023. Super Nostalgia + Tbt de Respeito Pop Latino Internacional das cl√°ssicas. Na Moral, √© Ano 2017. ""Eu Amo Essa M√∫sica"" Clipe Perfeito, seguindo a 9 Bilh√µes de visualiza√ß√µes. Coment√°rio Made In Brazil.üáßüá∑",,hace 4 d√≠as
401,podiam reviver essa m√∫sica,1,hace 8 d√≠as
402,Á•ûÊõ≤,,hace 1 d√≠a
403,Despacito: Baby shark was the impostor,559,hace 2 a√±os
404,ÿßŸÜŸá ÿßÿ∫ŸÜŸäŸá ÿ¨ŸÖŸäŸÑŸá ÿ¨ÿØÿß ÿßŸÜÿß ÿßÿ≠ÿ®Ÿáÿß ÿ¨ÿØÿß ÿ™ÿ≠Ÿäÿßÿ™Ÿä ŸÖŸÜ ÿ≥Ÿàÿ±Ÿäÿß üá∏üáæ,2,hace 9 d√≠as
405,Die music ist sehr gut liebe Gr√º√üe aus Berlin ,3,hace 6 d√≠as
406,I like this song .,,hace 20 horas
407,Can we all confirm when this song came out we were in our prime?,1,hace 6 d√≠as
408,E em pleno 2023. Tamu aqui ouvindo Despacito,1,hace 4 d√≠as
409,twerking in spanish,255,hace 2 a√±os
410,Ambos unos genios,1,hace 9 d√≠as
411,"...–ì—Ä–∏—Å–∫–∞–º –í–∏ –∫–∞–∞–∞–∞–∞—Ç–æ —Å–æ–ª–µ—Ç–∫–∏, —Ç–æ–ª–∫–æ–≤–∞ —Å—Ç–µ —Å–ª–∞–¥–∫–æ—Å–æ–ª–µ–Ω–∏...–ü–æ–∑–¥—Ä–∞–≤–∏...–ù–µ –º–æ–≥–∞ –±–µ–∑ ...–í–∞—Å –∏ —Ç–æ–∑–∏ —Ä–∏—Ç—ä–º...",,hace 5 d√≠as
412,"Puse est√© comentario para que cuando alguien le pongan like puedo escuchar esto otra vez. 
¬°Tambi√©n 8 billion de vistas entonces todo el mundo a escuchado este cancion que loco!",2,hace 1 d√≠a
413,M…ôn bu mahnƒ±nƒ± √ßox sevir…ôm G√∂z…ôl ,,hace 6 d√≠as
414,amo,,hace 23 horas
415,"How to count the world population the easier way
Luis Fonsi: Des pa ci to",126,hace 3 a√±os
416,I use to hear this when I'm a kid and my mom love to listen it even though we are Malaysia,,hace 11 d√≠as
417,"It,2023 my favourite song",1,hace 4 d√≠as
418,All time is my fev #DadyYnkee,,hace 43 minutos
419,Oigan llevo escuchando Esta cancion Desde ase 4 a√±os,,hace 8 d√≠as
420,Best songs favorite songI like this song,,hace 1 d√≠a
421,"petition to declare ‚Äûdespacito‚Äú as a unit that represents the amount of people living on earth 

So right now there are 0,89 despactio on earth",204,hace 3 a√±os
422,Watching since it was Realeased,1,hace 6 d√≠as
423,Pronto En Los 10Mil Millones Quien Dice Que Sii,2,hace 6 d√≠as
424,Yeah it‚Äôs a pretty good song,1,hace 2 d√≠as
425,Nostalgia,1,hace 9 d√≠as
426,QUE RICO QUE SON DE PUERTO RICO ,2,hace 2 d√≠as
427,Let's see how many people who are watching this during quarantine,140,hace 3 a√±os
428,Un cl√°sico ac√° apronto del 2024 y sigo escuchando m√∫sica quien de √©l 2023,,hace 7 d√≠as
429,until now i'm listening Despacito,,hace 6 d√≠as
430,"Es increible como los Koreanos superaron esta canci√≥n, aqu√≠ pura vulgaridad y los Koreanos puro Arte.",,hace 3 d√≠as
431,"Honestly,the first time I heard this song I really liked it and that was years ago. I hope they continue to make more songs that will reach 10B views",,hace 5 d√≠as
432,Esta es la leyenda de todas las canciones,,hace 18 horas
433,"Song: Spanish
Comments: English
Location: Puerto Rico
Hotel: Trivago",1.7 K,hace 2 a√±os
434,I will remember this song always when I was in 6th standard . And tell my kids .,,hace 6 d√≠as
435,I'm Indian but I love this song,,hace 9 d√≠as
436,so good,,hace 2 d√≠as
437,"¬°Ay!

Fonsi, DY

Oh, oh no, oh no (oh)

Hey yeah",3,hace 9 d√≠as
438,Despacito is a certified banger!,2,hace 1 d√≠a
439,"Song: 3 years ago.
Comments: 10 minutes ago.",827,hace 3 a√±os
440,. Un booom. Ke letra aa jaja nunca hab√≠a escuchado toda la letra jaka,,hace 7 d√≠as
441,I remember that feeling when i memorised this song completely to be cool infront of classmates in my school,,hace 4 d√≠as
442,ÿßŸÑŸÇÿ±ÿ¢ŸÜ Ÿäÿ¨ÿπŸÑ ÿßŸÑÿ≠ŸäÿßŸá ÿ±ÿßÿ¶ÿπŸá ,1,hace 1 d√≠a
443,Ïù¥ ÏùåÏïÖ Ï¢ãÏïÑÏöî~~:),1,hace 7 d√≠as
444,Es la mejor canci√≥n espa√±olaüá™üá∏,2,hace 2 d√≠as
445,3.8 M comment if u find me u are real legend,201,hace 2 a√±os (editado)
446,Das ist ein Song an die Freude und Sinnlichkeit. ,,hace 6 d√≠as
447,Ya tienen 8226 M de visitas la ronpieron,,hace 11 d√≠as
448,As the kids say it‚Äôs fire  ,,hace 3 d√≠as
449,I decided to watch it again ,1,hace 10 d√≠as
450,August 2023 the vibe still doesn't decrease ,1,hace 4 horas
451,"Baby shark:we have the most viewed video
Every non kid: Let's create history",161,hace 2 a√±os
452,World favourite one Ô∏è,,hace 10 d√≠as
453,2023 rola,,hace 10 d√≠as
454,T√ºrkiyeden selamlar bu m√ºzik kulaga ho≈ü geliyor ve dunya n√ºfusuna ula≈ümƒ±≈ü dinlenme,,hace 2 d√≠as
455,"h, t√∫, t√∫ eres el im√°n y yo soy el metal
Me voy acercando y voy armando el plan
Solo con pensarlo se acelera el pulso (oh yeah)",6,hace 9 d√≠as
456,la mejor cancion del mundo,1,hace 3 d√≠as
457,If you found mine in 2.9 million comment thank you very much,251,hace 4 a√±os
458,"Yo en 2017 : Temazo 
Yo en 2020 : Temazo 
Yo en 2023 : Ptm Temazo ",9,hace 9 d√≠as
459,,1,hace 11 d√≠as
460,Quien recordando este temazo en 2023?,1,hace 3 d√≠as
461,ƒê·ªânh,,hace 7 d√≠as
462,Beautiful best song....,1,hace 3 d√≠as
463,This is the most liked video of all time and I make a video to surpass and be a Legend ,937,hace 1 a√±o (editado)
464,Es una melodia superior,,hace 6 d√≠as
465,Felicidades la mejor canci√≥n del mundo,,hace 9 d√≠as
466,ÿßŸÑÿ£ÿ∫ŸÜŸäÿ© ÿ®ŸäŸáÿß ÿ∞ŸÉÿ±Ÿäÿßÿ™ ŸÖŸà ÿ∑ÿ®ŸäÿπŸäÿ© ÿßÿ±ŸäÿØ ÿßÿ±ÿ¨ÿπ ŸÑÿ≥ŸÜÿ© 2017 ü•π,1,hace 3 d√≠as
467,"Me encanta este ritmo, despacito... y terminar rapidito ",1,hace 8 d√≠as
468,WHO'S HERE LISTENING TO THIS MASTERPIECE IN 2023 AUG ,5,hace 1 d√≠a (editado)
469,"Just checking out 3.1 million comments and 6B views..
4th Nov 2019",274,hace 4 a√±os (editado)
470,a mi abuelo le encantaba,1,hace 9 d√≠as
471,Its a god level song,1,hace 7 d√≠as
472,,,hace 58 minutos
473,This is song - Legend!,2,hace 6 d√≠as
474,"≈ûarkƒ± Muhte≈üem Bayƒ±ldƒ±m Kral ≈ûarkƒ±
M√ºkemmel ",1,hace 3 d√≠as
475,"If he looks on the statistics for this video, he will see

Recommended: 43 million views",482,hace 3 a√±os
476,...–¢–∞–∫–∞–≤–∞ –¥–∏–Ω–∞–º–∏–∫–∞ –∏ –Ω–∞—Å—Ç—Ä–æ–µ–Ω–∏–µ...–≤–∞—à –ø–∞—Ç–µ–Ω—Ç...,,hace 5 d√≠as
477,Me da nostalgia aaaahhhhh,4,hace 9 d√≠as
478,miss this song so much,2,hace 15 horas (editado)
479,Esta canci√≥n casi tiene 7 a√±os de edad ,,hace 4 d√≠as
480,2023 was awesome ,,hace 2 d√≠as
481,"Deapacito: I can't be crossed 
Babies who can't even poop in the toilet: hold my baby shark",234,hace 2 a√±os
482,Amazing song,,hace 8 d√≠as
483,No words to exaplain my feels for this song,2,hace 6 d√≠as
484,2023 still love this song,,hace 1 d√≠a
485,Th·∫≠t kh√¥ng th·ªÉ tin ƒë∆∞·ª£c ,,hace 7 d√≠as
486,Love from Assam ,,hace 3 d√≠as
487,When you realize that most of the views are from the people who came here to check the views. LOL. ,129,hace 4 a√±os (editado)
488,2017 —Ö–æ—á—É –≤–µ—Ä–Ω—É—Ç—å—Å—è —Ç—É–¥–∞,1,hace 10 d√≠as
489,2023 auguem escutando essa linda musica ?,11,hace 9 d√≠as
490,Wao ,,hace 3 d√≠as
491,This song contributes 8 billion views out of 15 billion views on this channel !!!,1,hace 5 d√≠as (editado)
492,Catchy song ,,hace 2 horas
493,"No one:
Not a single soul:
Aliens: So this is earth, a.k.a despacito.",140,hace 3 a√±os
494,This song crack all records 9 billion views,,hace 6 d√≠as
495,far too many memories. would go back if i could,1,hace 5 d√≠as
496,Great,,hace 3 d√≠as
497,This music  is best performance in the world Ô∏è,,hace 5 d√≠as
498,There 8.4billion around people on earth and this is the only one song on earth who got (8.2)billion views OMG love it Ô∏èÔ∏èÔ∏è,2,hace 3 d√≠as
499,I wonder how much of the people who watched this vid is still alive,117,hace 3 a√±os
